105,GCGGTCTATCGTAGTTTACC,58.01,50.0,0.0,0.0,0.0
419,GAGTGATATTCGGTCGTGAG,58.01,50.0,0.0,0.0,0.0
778,GGGTTACAAGCTAGTTCTGG,58.02,50.0,0.0,0.0,0.0
571,GATAGACGCCTCATCCAATC,58.05,50.0,0.0,0.0,0.0
1166,GTGTAAGTCAGTGTAGGCAG,58.05,50.0,0.0,0.0,0.0
26,CTTGTAGGTAGAACGTGTGG,58.06,50.0,0.0,0.0,0.0
172,GAGTCACAGAAACTACCGTC,58.07,50.0,0.0,0.0,0.0
199,CCCTGACTGAATCTGCTAAC,58.1,50.0,0.0,0.0,0.0
378,CTTACTACTGCAACCCCATC,58.1,50.0,0.0,0.0,0.0
1301,GGTATAGCCTGAACAACCAG,58.1,50.0,0.0,0.0,0.0
514,CAAGGAAACAGTCGGATAGG,58.11,50.0,0.0,0.0,0.0
765,GTACATGAGCACCCTTACAG,58.11,50.0,0.0,0.0,0.0
100,GCCTATCTAATACAGTCGCG,58.15,50.0,0.0,0.0,0.0
253,CTGGGGAGAAATAATGGACG,58.17,50.0,0.0,0.0,0.0
612,CCTAGATTTAGTTCGGGCAC,58.18,50.0,0.0,0.0,0.0
647,CAGAATACGTTAAGGGGCTC,58.18,50.0,0.0,0.0,0.0
911,CGGGTTCATCATCCAGTAAG,58.18,50.0,0.0,0.0,0.0
963,GGCATACAAGAGAGGTGATG,58.18,50.0,0.0,0.0,0.0
853,GTAGCCTTTATGACTGGACG,58.2,50.0,0.0,0.0,0.0
1530,CTTATAACAGTGGTCTCGGC,58.2,50.0,0.0,0.0,0.0
750,GATGACACTAGCGAACTCTG,58.22,50.0,0.0,0.0,0.0
174,CGTTACCCTATCATTGACGG,58.27,50.0,0.0,0.0,0.0
1084,AGAAGTCTAAGAGAGCCAGG,58.28,50.0,0.0,0.0,0.0
408,CCTCTAAACTCGGTCAGGTA,58.29,50.0,0.0,0.0,0.0
396,CACGTTTAGATCGGCTAGTC,58.3,50.0,0.0,0.0,0.0
826,CGACCGCTATGAAGTTAGTC,58.3,50.0,0.0,0.0,0.0
1564,GCATCGTTATACTTAGCCCC,58.33,50.0,0.0,0.0,0.0
732,GGAGAGCATACTTAGGGGAA,58.34,50.0,0.0,0.0,0.0
1358,GCTAGATCCCGAAATGCTAC,58.34,50.0,0.0,0.0,0.0
1406,CTTCTTACACTTCACGGGAC,58.34,50.0,0.0,0.0,0.0
455,CCGGGTACTATTGGTAGACA,58.36,50.0,0.0,0.0,0.0
835,CCACTATCCTGGCTTTCAAG,58.38,50.0,0.0,0.0,0.0
50,GTAGGGTCAGTTATTGTGCC,58.39,50.0,0.0,0.0,0.0
920,GGAAACCCTACACTACATGC,58.39,50.0,0.0,0.0,0.0
1277,GTCAGGTCTCTTGCCATTAC,58.4,50.0,0.0,0.0,0.0
16,GGTCGTCAGTGTTAATCCAG,58.41,50.0,0.0,0.0,0.0
1493,CCACCAGACCACGTATTTAC,58.41,50.0,0.0,0.0,0.0
1187,CGTATATGCTCGATTCACCC,58.42,50.0,0.0,0.0,0.0
164,CTCGTACAAGTCAAGCTCTG,58.43,50.0,0.0,0.0,0.0
262,CATCAGGGGTCGAGGTTATA,58.43,50.0,0.0,0.0,0.0
1565,ACTAAGCTCCCGAATCCTAG,58.43,50.0,0.0,0.0,0.0
246,AGTAATAGTAGGAGCGTGGG,58.44,50.0,0.0,0.0,0.0
713,CGTGATCAATTAAGGACCCC,58.46,50.0,0.0,0.0,0.0
541,CCATCTTTAGCGTGTACCAG,58.48,50.0,0.0,0.0,0.0
311,GGACTGTAGTTAATCACGCC,58.49,50.0,0.0,0.0,0.0
111,CTGTCCTCGGTTCGTTATTC,58.5,50.0,0.0,0.0,0.0
1104,GGTAATGCACATCCTAGCTG,58.54,50.0,0.0,0.0,0.0
406,CGGCACAGAGGAATATCTTG,58.55,50.0,0.0,0.0,0.0
759,GGCTACTCATCGTTGAATCC,58.55,50.0,0.0,0.0,0.0
864,GCAACACCTATATTCCGTCC,58.55,50.0,0.0,0.0,0.0
376,CGGTTAGGAATGCGTCTAAG,58.57,50.0,0.0,0.0,0.0
404,GTCAGGCTAAAGGTCTCTCT,58.58,50.0,0.0,0.0,0.0
1554,CTTTTCCCTAGAGTCGGAGT,58.58,50.0,0.0,0.0,0.0
243,GGCTCACACCCTTTAAGAAG,58.6,50.0,0.0,0.0,0.0
917,CAGCACATCATAGGGCATAC,58.61,50.0,0.0,0.0,0.0
492,CAGCACCATATCTTGATCCG,58.62,50.0,0.0,0.0,0.0
516,CTTCGAAAAGTGGTGAGAGG,58.62,50.0,0.0,0.0,0.0
916,GTTTTGACCTTCCTACGACC,58.62,50.0,0.0,0.0,0.0
868,CCCTGATACAGTCTCCCATT,58.63,50.0,0.0,0.0,0.0
1138,CTCGATATGGCACTTGTAGC,58.63,50.0,0.0,0.0,0.0
1566,CGGAAGTTAGATCTCGCATG,58.64,50.0,0.0,0.0,0.0
1244,CACACGTACTCTGACACAAG,58.65,50.0,0.0,0.0,0.0
933,GGGAATACTTCTGAGGTCGA,58.66,50.0,0.0,0.0,0.0
235,CCGCCGACCATAGAGTATAT,58.67,50.0,0.0,0.0,0.0
927,CTGGGACTGGAATCAACATG,58.67,50.0,0.0,0.0,0.0
1283,CTTCTTGGGATGCAGTGTAC,58.68,50.0,0.0,0.0,0.0
39,GGATGCCATGTGATACGATC,58.69,50.0,0.0,0.0,0.0
363,CATAAAGACGACTGGGTTGG,58.69,50.0,0.0,0.0,0.0
907,CTGTATGAGGCACACTTGAC,58.69,50.0,0.0,0.0,0.0
1357,GTCTCCGTGGATTGAAAGTC,58.7,50.0,0.0,0.0,0.0
150,CTCGAAAACCAGCTAGACAC,58.71,50.0,0.0,0.0,0.0
590,GAGTACAGTGAAAGAAGCCG,58.71,50.0,0.0,0.0,0.0
1005,GCCTTGAAACGAGACACTAG,58.71,50.0,0.0,0.0,0.0
141,CTATCGTGCTATTCCTTCGC,58.72,50.0,0.0,0.0,0.0
41,CCTCACTCATGTATCTCGGT,58.74,50.0,0.0,0.0,0.0
524,CCCCTGAAATAATGGAACCG,58.74,50.0,0.0,0.0,0.0
1039,GTATCTCCTGAAGCGGTACT,58.74,50.0,0.0,0.0,0.0
49,GTTCGGATGGGGTATTTCAC,58.75,50.0,0.0,0.0,0.0
1249,GATTGGCAGAGAACATCCTG,58.75,50.0,0.0,0.0,0.0
317,GACCTTTCGATTCTGCTCAG,58.77,50.0,0.0,0.0,0.0
715,TACACGCTCGTAGTACTCTG,58.77,50.0,0.0,0.0,0.0
440,CTTGATTAGTCGAGCACCAC,58.78,50.0,0.0,0.0,0.0
1132,GGTTACTGAGGTGAAGGAGT,58.79,50.0,0.0,0.0,0.0
796,TAAGATCATACTCAGCGGGG,58.8,50.0,0.0,0.0,0.0
23,GATTAAGGCAAGGATTCCGG,58.82,50.0,0.0,0.0,0.0
374,CTTACAACACAACCTGACCC,58.82,50.0,0.0,0.0,0.0
892,CCTGTTGGTGAGTGGTAAAC,58.82,50.0,0.0,0.0,0.0
622,ACGCCGTACTAATAGTCTCC,58.83,50.0,0.0,0.0,0.0
781,GTAGTGAGCCATTGATCTGC,58.83,50.0,0.0,0.0,0.0
995,GTTGTAGGAATACATGCCGG,58.83,50.0,0.0,0.0,0.0
1472,GACTAATAGTGTTGCTCGCC,58.85,50.0,0.0,0.0,0.0
1146,CTGTAGTGGTGGGGTTATGA,58.86,50.0,0.0,0.0,0.0
552,CTGGTGGGACTCTGTTATGA,58.87,50.0,0.0,0.0,0.0
724,CCAGATATCGGCATCCTACA,58.88,50.0,0.0,0.0,0.0
695,CCGGGCGTATCATAGAACTA,58.89,50.0,0.0,0.0,0.0
1399,GAGCCCCTAAATAATTCCGC,58.89,50.0,0.0,0.0,0.0
1518,CCCAACTGCCATGCTATATG,58.89,50.0,0.0,0.0,0.0
14,CTTTCTTAGGTGTGGTGCTG,58.9,50.0,0.0,0.0,0.0
1056,GAAGGCTATAACCAATCCGC,58.9,50.0,0.0,0.0,0.0
288,CTGACCCGTTCACTTTACAC,58.91,50.0,0.0,0.0,0.0
1567,GTTTACACCAGCTCACAGAC,58.91,50.0,0.0,0.0,0.0
258,GCTGCGTCTCATATTGTCTC,58.92,50.0,0.0,0.0,0.0
779,GGAGTTTCAAGTGTCAGTCG,58.92,50.0,0.0,0.0,0.0
958,GACCGTGCCTTCGTTATATG,58.92,50.0,0.0,0.0,0.0
617,GACACATAGTAATCCGCACG,58.93,50.0,0.0,0.0,0.0
625,CCCATCACTCCTACCATCAA,58.93,50.0,0.0,0.0,0.0
854,CTGATGTTATTCGACGCTCC,58.93,50.0,0.0,0.0,0.0
1311,CGTTACTCTCAATGCGGATC,58.93,50.0,0.0,0.0,0.0
752,GCCCTCTCCAACTCTGAATA,58.94,50.0,0.0,0.0,0.0
1112,CCTTCTCCCTTGGATCGTAA,58.94,50.0,0.0,0.0,0.0
1365,TTAGACCTACACATCCTGGC,58.94,50.0,0.0,0.0,0.0
638,GGAATACCTTCTTTTGGCCC,58.95,50.0,0.0,0.0,0.0
673,TACCAGATATAATCGGCCCG,58.95,50.0,0.0,0.0,0.0
1328,TGAATCCCGTCACTTCTAGG,58.95,50.0,0.0,0.0,0.0
510,ACTCGATCTTCCTGTCTGTC,58.96,50.0,0.0,0.0,0.0
850,GTGGTGAGTTATGAGCCAAC,58.97,50.0,0.0,0.0,0.0
856,CTCGTGCTAGACAAGTAGGT,58.97,50.0,0.0,0.0,0.0
1428,CAGTGAATAGTTGTGCAGGG,58.97,50.0,0.0,0.0,0.0
503,GTACCGCTTTACTTTCCACC,58.98,50.0,0.0,0.0,0.0
726,GTATCATGCATTAGTCCGGC,58.98,50.0,0.0,0.0,0.0
1366,GTACCATTGAACCACCTTCG,58.98,50.0,0.0,0.0,0.0
459,CGAGTCCTCCCCATCAATAA,59.01,50.0,0.0,0.0,0.0
28,CGGGGTCCAGTAATCACATA,59.02,50.0,0.0,0.0,0.0
51,AGGGGTAATCACGTATGTCC,59.02,50.0,0.0,0.0,0.0
630,GCGGATTGGTAAGGGTACTA,59.02,50.0,0.0,0.0,0.0
910,TTACCGTTCATCCTAGCTCC,59.02,50.0,0.0,0.0,0.0
972,TCTAAACCATCTCCCGCTAC,59.02,50.0,0.0,0.0,0.0
1064,TCCTGCGTCTTTCCTATACC,59.02,50.0,0.0,0.0,0.0
60,CTATCGTGCTGTAGTTCCCT,59.03,50.0,0.0,0.0,0.0
377,GCTTGATCCCTAGTACGTGA,59.03,50.0,0.0,0.0,0.0
824,CAGGTATCTAGCGGAGTGTT,59.03,50.0,0.0,0.0,0.0
1367,GATTCAGCACCCGTACTAGA,59.03,50.0,0.0,0.0,0.0
943,CCGTCCTGAACTATCGAGAA,59.04,50.0,0.0,0.0,0.0
1307,GTCATTGATTGCTCTGGACC,59.04,50.0,0.0,0.0,0.0
1442,GAGGTGGTGCTCATTCAATC,59.04,50.0,0.0,0.0,0.0
530,GATACAGTGAAAGGAACGCC,59.05,50.0,0.0,0.0,0.0
1279,CAAAATCACAGCGTCCCTAG,59.05,50.0,0.0,0.0,0.0
1502,GATAGGCACAGCAGTTCTTG,59.05,50.0,0.0,0.0,0.0
538,GGAAAGGACGAATTACACCG,59.06,50.0,0.0,0.0,0.0
885,CGCTGTAATCACTGAACCTG,59.06,50.0,0.0,0.0,0.0
1417,CGGCACTTTACTCTGTTAGC,59.06,50.0,0.0,0.0,0.0
1500,CAGAACGACCTACAATGCTG,59.06,50.0,0.0,0.0,0.0
1519,GGCTCGTTAGTCATGTGTTC,59.06,50.0,0.0,0.0,0.0
144,CCACCGAGGCTATGTAATCT,59.09,50.0,0.0,0.0,0.0
370,CCCTATATGCGTCCTGAACT,59.09,50.0,0.0,0.0,0.0
654,GGATAAGGATGCGGTCTACA,59.1,50.0,0.0,0.0,0.0
1062,TCTAGACTAATCGCAGCCAG,59.11,50.0,0.0,0.0,0.0
94,CACAAGATACGGGATGCAAG,59.12,50.0,0.0,0.0,0.0
292,CCGGTGCATTCTGTTCATAG,59.12,50.0,0.0,0.0,0.0
699,GGTCGGCATAATCAAGTCAC,59.12,50.0,0.0,0.0,0.0
1061,GACTGTTCGTATTCATGCCC,59.12,50.0,0.0,0.0,0.0
163,GCAGGAAAACTATCGCTCTG,59.13,50.0,0.0,0.0,0.0
331,CTAAGTCAAATTACGCCCCG,59.13,50.0,0.0,0.0,0.0
398,GCGCTAGAAGTTTCCTCATG,59.13,50.0,0.0,0.0,0.0
1197,CCGGATGTGAAAACGAGATC,59.13,50.0,0.0,0.0,0.0
1560,TGTAGAGGGATAAGGGGTGA,59.13,50.0,0.0,0.0,0.0
143,TGACTGTGAGGGGTATTGAC,59.16,50.0,0.0,0.0,0.0
626,ATGCTATTCCGTATCCCAGG,59.16,50.0,0.0,0.0,0.0
1163,CTGTTGAAGATGAGTCCCCT,59.16,50.0,0.0,0.0,0.0
1388,AAAGGGGAGTAGGCTAACAC,59.16,50.0,0.0,0.0,0.0
457,ACTCTTCAGCCTTGTCCTAC,59.17,50.0,0.0,0.0,0.0
840,CTCTCTTGGGCACTAACTCA,59.17,50.0,0.0,0.0,0.0
1006,TCTCCTACGGTCCAAAACTC,59.17,50.0,0.0,0.0,0.0
1407,CACCTGACTTTCTCCTGCTA,59.17,50.0,0.0,0.0,0.0
932,GTCGTGAAGAGAAGAGTGGA,59.18,50.0,0.0,0.0,0.0
1124,CCTTTCCAGCACAAAGTACC,59.18,50.0,0.0,0.0,0.0
1176,GCCTATGTATCTCAGCGACT,59.18,50.0,0.0,0.0,0.0
812,GTCGTTGGTGGGTTTTAGAC,59.19,50.0,0.0,0.0,0.0
751,CAGTCGCCCAAGTATTATGC,59.2,50.0,0.0,0.0,0.0
43,TGGTCATCTCCCCAATAACC,59.22,50.0,0.0,0.0,0.0
813,AGTTAATACCCAGCAGTCCC,59.23,50.0,0.0,0.0,0.0
1035,CTCCCTTTCGATACCACCTT,59.23,50.0,0.0,0.0,0.0
1329,CCCTATTTTCCTCCAGACGT,59.23,50.0,0.0,0.0,0.0
410,GTAGGGATTGGTCGAGTTCA,59.24,50.0,0.0,0.0,0.0
437,CTCCTCCGTGTTTGTATCCT,59.24,50.0,0.0,0.0,0.0
710,TTCCTCAATTACGGACCTCC,59.24,50.0,0.0,0.0,0.0
718,CCTTCAGACAACGAGGAGAT,59.24,50.0,0.0,0.0,0.0
975,TAGGATTCGAGTTGGTGGTC,59.24,50.0,0.0,0.0,0.0
1021,CAGTTCCATCGAGTAACCCT,59.24,50.0,0.0,0.0,0.0
1181,AGTCAGGTATCAGTGTCTGC,59.24,50.0,0.0,0.0,0.0
1242,TTGACCATTCCGACTACTCC,59.24,50.0,0.0,0.0,0.0
1381,GGAGTTTGTCATCGGGTAGA,59.24,50.0,0.0,0.0,0.0
130,CCTTTAGAGCGAAGTGAGGA,59.25,50.0,0.0,0.0,0.0
146,GTGTATAGTGTGGTCGGGAA,59.25,50.0,0.0,0.0,0.0
634,AGCCGTAACTTCTGAGAGTC,59.25,50.0,0.0,0.0,0.0
1300,CCTTAACCACTGCTCGTAGA,59.25,50.0,0.0,0.0,0.0
1456,CTACATTCGAGTCCACTGGT,59.25,50.0,0.0,0.0,0.0
1474,GTTGGACTCTAGAACTCGCT,59.25,50.0,0.0,0.0,0.0
1344,GGACTAAGCCTTTGAACTGC,59.26,50.0,0.0,0.0,0.0
1370,TAGTGTGTAGGTCTCTTGCG,59.26,50.0,0.0,0.0,0.0
1462,CACCAACCATTCTACCAACG,59.26,50.0,0.0,0.0,0.0
333,GCTTGGGCGTGTGATATATG,59.27,50.0,0.0,0.0,0.0
1264,CCACGTCCAAACTGATCAAG,59.27,50.0,0.0,0.0,0.0
1463,ATGGTCTTACGATGAGGGTG,59.31,50.0,0.0,0.0,0.0
7,TGGCCACGTAGATAAGACAG,59.32,50.0,0.0,0.0,0.0
352,ATAGTACCGAACGTCCTTGG,59.32,50.0,0.0,0.0,0.0
472,TGTGATTCCGCCTAGAAGAG,59.32,50.0,0.0,0.0,0.0
491,CTCCATACTTGCTCCCGTTA,59.32,50.0,0.0,0.0,0.0
755,ACTTTATCCCCTCACGCTAC,59.32,50.0,0.0,0.0,0.0
1201,ACCAATCGAACTAGGAGAGC,59.32,50.0,0.0,0.0,0.0
1268,TGGTGTATGTCCGAATCCTC,59.32,50.0,0.0,0.0,0.0
81,CAGCAAGCACTTCCACATAG,59.33,50.0,0.0,0.0,0.0
843,GCACGGATCAAAGTAAAGGG,59.33,50.0,0.0,0.0,0.0
952,GTTTGAAGGGTTATCAGGCG,59.33,50.0,0.0,0.0,0.0
1024,GATGTTCCCATTTTCGTCCC,59.33,50.0,0.0,0.0,0.0
1026,CCCTGCATTTTACCGTCTTC,59.33,50.0,0.0,0.0,0.0
135,GTACACGCCTGACATTCTTG,59.34,50.0,0.0,0.0,0.0
181,GATCTTTTGACAGCTCCGTG,59.34,50.0,0.0,0.0,0.0
391,CGTTACGAAGGGAACAATGG,59.34,50.0,0.0,0.0,0.0
563,GTACAAAGAATCCGTGCCTG,59.34,50.0,0.0,0.0,0.0
717,GCAATTCTCGTCTGGAAAGG,59.34,50.0,0.0,0.0,0.0
1538,CATCCTGACACTCGCTTTTC,59.34,50.0,0.0,0.0,0.0
487,CGAAAGAATCAGACCACACG,59.35,50.0,0.0,0.0,0.0
653,CGTGGTCCGTAATTCACAAG,59.35,50.0,0.0,0.0,0.0
980,GACTTGGACCCTTTACACCT,59.38,50.0,0.0,0.0,0.0
263,AGATTTAGTGCGAGGCTAGG,59.39,50.0,0.0,0.0,0.0
1137,CATGCTCACCCTACGATGTA,59.39,50.0,0.0,0.0,0.0
623,CTTTGACGCTAGATCTCGGA,59.4,50.0,0.0,0.0,0.0
771,TTACTGTGCTAGGATCGCTC,59.4,50.0,0.0,0.0,0.0
1025,AATTCCGTACTAGGTCTCGC,59.4,50.0,0.0,0.0,0.0
259,CAGACATTGCCGATCAGTTC,59.41,50.0,0.0,0.0,0.0
438,GTACAAGAGCCGCCATTTAC,59.41,50.0,0.0,0.0,0.0
499,CTCATGATCGGCTGTCAAAC,59.41,50.0,0.0,0.0,0.0
663,GATGTGCCAACCGAACTATG,59.41,50.0,0.0,0.0,0.0
764,CACGACCAATGAAATCCTCG,59.41,50.0,0.0,0.0,0.0
836,CGCTTTGCTAGTGTAGTTCG,59.42,50.0,0.0,0.0,0.0
1000,AACGGTGTAGAGTAGGAGGA,59.45,50.0,0.0,0.0,0.0
757,TTGTGCCCAGTCTACTTCTC,59.46,50.0,0.0,0.0,0.0
1354,CAGGACTTCTAGGTGTTGCT,59.46,50.0,0.0,0.0,0.0
838,ACTGGTTCCTCTTACACGTC,59.47,50.0,0.0,0.0,0.0
463,CGAACCGTATCAGAAATGCC,59.48,50.0,0.0,0.0,0.0
1535,GCATCCATTCGCTTGTAGAC,59.48,50.0,0.0,0.0,0.0
736,CGGACTATTCGAACATGCAC,59.49,50.0,0.0,0.0,0.0
86,GATCCCTCCAATTCCCTGTT,59.52,50.0,0.0,0.0,0.0
334,TAAGGAGGACTCGGACAGAT,59.52,50.0,0.0,0.0,0.0
985,CATCCAGGGTAGGCTTCTTT,59.52,50.0,0.0,0.0,0.0
1130,GGAATAGCTTTCTCCCCACA,59.52,50.0,0.0,0.0,0.0
1555,GAAAGGCATACAAGGGGAGA,59.52,50.0,0.0,0.0,0.0
176,GGGTAAGCATAGACACACCA,59.53,50.0,0.0,0.0,0.0
670,TTACCTCGTGTTCTGGATGG,59.53,50.0,0.0,0.0,0.0
832,GGAGTGGTTTAGATGCAGGA,59.53,50.0,0.0,0.0,0.0
1379,TCTGCATACTTCCCTGTCAC,59.53,50.0,0.0,0.0,0.0
0,GCACACCTTACCTCTACGAA,59.54,50.0,0.0,0.0,0.0
286,GTCGCACTGTACCTAGTCAA,59.54,50.0,0.0,0.0,0.0
386,CTGGGCTGTTGTAATTTGGG,59.54,50.0,0.0,0.0,0.0
458,ACTGTTCTCTCGTTGCCTAG,59.54,50.0,0.0,0.0,0.0
522,GAAGGCTGTCGTAGTGGTAA,59.54,50.0,0.0,0.0,0.0
1306,GTTGACTACTACAGCCCGAA,59.54,50.0,0.0,0.0,0.0
1373,CTCATAGCCGCCGTTATACT,59.54,50.0,0.0,0.0,0.0
1241,CACACGTAGCAGTTTCTTGG,59.55,50.0,0.0,0.0,0.0
1450,CGGACCAAACACAGAATCAC,59.55,50.0,0.0,0.0,0.0
1053,GTTCTTAACACGTCAGCACC,59.56,50.0,0.0,0.0,0.0
1473,GACTCACCGTACAACAAAGC,59.56,50.0,0.0,0.0,0.0
1476,GCTCCGCTTTCATTACGATC,59.56,50.0,0.0,0.0,0.0
422,GGCCCCAAATATACCCTCAA,59.59,50.0,0.0,0.0,0.0
134,TGATTCTTAAGTACGGCCCC,59.6,50.0,0.0,0.0,0.0
887,GGGCTGCTGTACTTATCTGT,59.6,50.0,0.0,0.0,0.0
967,TGGACAGTGCATGAGGATAC,59.6,50.0,0.0,0.0,0.0
96,CTACAACACGCTCACCCTAT,59.61,50.0,0.0,0.0,0.0
237,ACAGCTCTGCATCACTCTAC,59.61,50.0,0.0,0.0,0.0
335,GCGACTAGAGGCTAAAAGGT,59.61,50.0,0.0,0.0,0.0
583,TCAAGATAGGAAAGCGGGTC,59.61,50.0,0.0,0.0,0.0
614,CAGTCTACAATGGCTACCGT,59.61,50.0,0.0,0.0,0.0
800,CGAGTACATTGGAAGAGGCT,59.61,50.0,0.0,0.0,0.0
944,CGCTGATGAAGAAGAGTCCT,59.61,50.0,0.0,0.0,0.0
983,CTTACGTGATTGGTCTCCGA,59.61,50.0,0.0,0.0,0.0
1071,CTCCTTAGGCGAATGTGTCT,59.61,50.0,0.0,0.0,0.0
1157,TCGAGAATTACACAGAGGGC,59.61,50.0,0.0,0.0,0.0
1536,CATGCTTGGGACTGTTGATG,59.61,50.0,0.0,0.0,0.0
1546,GTTACCGTATGAGCACCTGA,59.61,50.0,0.0,0.0,0.0
1171,GTTAGACTCCCGTAGCGAAA,59.62,50.0,0.0,0.0,0.0
1375,TTAGAACGACTTAGACCCGC,59.62,50.0,0.0,0.0,0.0
326,ACCAAGACAAGGAGGAAAGG,59.67,50.0,0.0,0.0,0.0
696,CACATAAGTAGGGGCGGAAT,59.67,50.0,0.0,0.0,0.0
706,CCCACTCTGCATATCACCAT,59.67,50.0,0.0,0.0,0.0
746,AGATAATTACTGGCGGGGTG,59.67,50.0,0.0,0.0,0.0
1043,AGAAGGGTGTGTTTCTCCAG,59.67,50.0,0.0,0.0,0.0
531,TCAATCCGTGATGACCTAGC,59.68,50.0,0.0,0.0,0.0
593,AGTCGGCAGTGATAGTTAGC,59.68,50.0,0.0,0.0,0.0
632,GCTCGGGAAGATGGATGTAA,59.68,50.0,0.0,0.0,0.0
767,GATTCTTGCCTCATCCGGTA,59.68,50.0,0.0,0.0,0.0
879,CAGGTGTGAGATAATCCGCT,59.68,50.0,0.0,0.0,0.0
961,GACGTTATTGGGTCGGATCT,59.68,50.0,0.0,0.0,0.0
1339,CACCGACATTCCCATATCCA,59.68,50.0,0.0,0.0,0.0
1497,TATGGTCGGAATGTCAGCTC,59.68,50.0,0.0,0.0,0.0
17,CCAACATGCTTCGCTAACTC,59.69,50.0,0.0,0.0,0.0
679,CAGATCTTGGACAATGCTGC,59.69,50.0,0.0,0.0,0.0
1028,GAATTGCCGTGAATAACCCC,59.69,50.0,0.0,0.0,0.0
1108,TTCCACCCCTGATCCTAGAA,59.73,50.0,0.0,0.0,0.0
228,ATTTGTGTCTCTCCCCAAGG,59.74,50.0,0.0,0.0,0.0
298,CCTCATATGCGTGGGTACAT,59.75,50.0,0.0,0.0,0.0
469,CTCTTGTTGCCCTACCTTCA,59.75,50.0,0.0,0.0,0.0
477,ACCCCGGTGCTATGATTATG,59.75,50.0,0.0,0.0,0.0
572,GGAGGAGTCGTTTGTCAGAA,59.75,50.0,0.0,0.0,0.0
686,CAGCAACAGGGTAAGAGGAA,59.75,50.0,0.0,0.0,0.0
693,CGTGTTGAGTAAGGTGGACT,59.75,50.0,0.0,0.0,0.0
1136,CTATGCTGCCGTGGATCTAA,59.75,50.0,0.0,0.0,0.0
1232,CAAACCTCCCAGCTTCACTA,59.75,50.0,0.0,0.0,0.0
1246,TGGCCATCGGTATTCATCTC,59.75,50.0,0.0,0.0,0.0
1384,TTCCCTGTTGTCTGGCTAAG,59.75,50.0,0.0,0.0,0.0
1568,GCATTCATACGATCCCCTCA,59.75,50.0,0.0,0.0,0.0
1571,GCCCCGCAGATAGATTACTT,59.75,50.0,0.0,0.0,0.0
284,CGCATCTAACCAGCATTGAC,59.76,50.0,0.0,0.0,0.0
1109,CATCTACAAGCACCAATCGC,59.76,50.0,0.0,0.0,0.0
1512,GGTGTACGTATCGCATCTGA,59.76,50.0,0.0,0.0,0.0
495,ACCCCTATCTACACGACCTT,59.81,50.0,0.0,0.0,0.0
388,CATCCGCCGAACCCTATAAT,59.82,50.0,0.0,0.0,0.0
569,CCTAACGGAAACTCACCCAT,59.82,50.0,0.0,0.0,0.0
698,TTGAGGTTCTAGCCCAATGG,59.82,50.0,0.0,0.0,0.0
749,AACCTCACCCATCTAGCAAC,59.82,50.0,0.0,0.0,0.0
773,CTCACAACCCCTGCTCATAA,59.82,50.0,0.0,0.0,0.0
882,GCCAATATCCTATGCTCCGT,59.82,50.0,0.0,0.0,0.0
955,TTGGGGTCTGGTTATTCGAC,59.82,50.0,0.0,0.0,0.0
1121,GGTCAAATCCTTCACCTCGA,59.82,50.0,0.0,0.0,0.0
1369,TCTCCCACACATAGGCAAAG,59.82,50.0,0.0,0.0,0.0
1420,CACCACTCCCTCGTATTGTT,59.82,50.0,0.0,0.0,0.0
1562,TACGGGTTTAGGAGTCGGTA,59.82,50.0,0.0,0.0,0.0
200,AGGCAAGTACGGTGTTAGTC,59.83,50.0,0.0,0.0,0.0
197,GAGCGTCAATCATTAAGCGG,59.84,50.0,0.0,0.0,0.0
957,GATTTCGAACTGCCGCATAG,59.84,50.0,0.0,0.0,0.0
1327,CACATCCACGCATTATCACG,59.84,50.0,0.0,0.0,0.0
31,GCCCCTAATGGTTCTGCTTA,59.89,50.0,0.0,0.0,0.0
338,GGCCACAACTAATCCTCCAT,59.89,50.0,0.0,0.0,0.0
774,TCTAATACTCTCCCGGTGCT,59.89,50.0,0.0,0.0,0.0
849,GGTCTCTGCTGCCATTCTTA,59.89,50.0,0.0,0.0,0.0
904,ACTCTCTCCGTCTTCTCGAT,59.89,50.0,0.0,0.0,0.0
1118,CAGCTTCATATCCCACCCAA,59.89,50.0,0.0,0.0,0.0
1194,ATTCCACGAGTCATCAAGGG,59.89,50.0,0.0,0.0,0.0
1346,AAGATCCTAGCTCCCACGTA,59.89,50.0,0.0,0.0,0.0
379,AAAGTCCCTGCGATTACTCC,59.9,50.0,0.0,0.0,0.0
484,CAAGGTCCAAGAGATACGCA,59.9,50.0,0.0,0.0,0.0
603,ATGCCCGACTCTAACTGAAC,59.9,50.0,0.0,0.0,0.0
661,GAAGCTCCACATAGTCACGT,59.9,50.0,0.0,0.0,0.0
761,GTGTCTCGCTTGATCTTCCT,59.9,50.0,0.0,0.0,0.0
780,GTCATGCCCGGTTGTTAAAG,59.9,50.0,0.0,0.0,0.0
888,TTCCGCAAGTCTCCACATAG,59.9,50.0,0.0,0.0,0.0
929,TTACGGCCCACAGTTGATAG,59.9,50.0,0.0,0.0,0.0
953,CAATAACCCCGAGTAACCGT,59.9,50.0,0.0,0.0,0.0
971,TGCAGACGTTCACTAGGATG,59.9,50.0,0.0,0.0,0.0
1106,CTCCACGACAGTTCATAGCA,59.9,50.0,0.0,0.0,0.0
1261,TCTGATAAGTCCTGTTGCGG,59.9,50.0,0.0,0.0,0.0
1359,GGAAGATTTGACAAGCACCG,59.9,50.0,0.0,0.0,0.0
1438,AGGCATGAAGACTCGGTTAC,59.9,50.0,0.0,0.0,0.0
343,TCGTGCATAGATAGGGAGGT,59.96,50.0,0.0,0.0,0.0
216,GATTGTATGAGAGGCCCGTT,59.97,50.0,0.0,0.0,0.0
336,GATGGAACCAATCGCTACCT,59.97,50.0,0.0,0.0,0.0
383,CGGAACAAATCGGTTAAGGC,59.97,50.0,0.0,0.0,0.0
645,CTCGCTCTGCCTGTTTATCT,59.97,50.0,0.0,0.0,0.0
758,ATACCATCCCGTTCAGAAGC,59.97,50.0,0.0,0.0,0.0
1033,TCGAACTTCTAGGAATGGCG,59.97,50.0,0.0,0.0,0.0
1045,GTGTCAACCAACCACCTACT,59.97,50.0,0.0,0.0,0.0
1065,ATGTGATATTGGTGACGGGG,59.97,50.0,0.0,0.0,0.0
1095,AGGCAGCTTTAATAGACGGG,59.97,50.0,0.0,0.0,0.0
1286,TCCGAGTACTTCCGCTATCT,59.97,50.0,0.0,0.0,0.0
1321,CAGCCCGTCATACATACACA,59.97,50.0,0.0,0.0,0.0
1342,TAGTATGTGGCCGTGTTAGC,59.97,50.0,0.0,0.0,0.0
1394,CTGCGATCCACAAACCATTC,59.97,50.0,0.0,0.0,0.0
1574,CCGTTAGTACATGCAGTCGA,59.97,50.0,0.0,0.0,0.0
67,ACAGTCTCGTACCACCAAAC,60.04,50.0,0.0,0.0,0.0
118,GGCTAGTTTTCCACAGACCA,60.04,50.0,0.0,0.0,0.0
162,AATAGCCCTTAGATTGCCGG,60.04,50.0,0.0,0.0,0.0
201,CTCTTCGCGCCTATGTAAGT,60.04,50.0,0.0,0.0,0.0
329,TAGGTGTGAGGTCAAAGTGC,60.04,50.0,0.0,0.0,0.0
413,TAGAAATGGCGATGTACCCG,60.04,50.0,0.0,0.0,0.0
594,GTCCCTAAAGTGAAGCCCAA,60.04,50.0,0.0,0.0,0.0
692,GAAAGTGTGGCCCTAGAACA,60.04,50.0,0.0,0.0,0.0
801,ACTTGTTGGTCCTTCGAGTC,60.04,50.0,0.0,0.0,0.0
1326,TCGTCCTCCTCTAACAACCT,60.04,50.0,0.0,0.0,0.0
1345,TATAATGGTGATGCGGGGTG,60.04,50.0,0.0,0.0,0.0
1418,TCTCCTGGTCTTCGTTCTCT,60.04,50.0,0.0,0.0,0.0
547,GCCGTATTAACTTTGCCGTC,60.05,50.0,0.0,0.0,0.0
185,TGCAATATATCCCTGTCGGC,60.11,50.0,0.0,0.0,0.0
307,TAAAGGTGCTGTGTCCATCC,60.11,50.0,0.0,0.0,0.0
689,TGTTCTCCCGTAGCAGTCTA,60.11,50.0,0.0,0.0,0.0
733,AAGAGTGGTAGTAGGTCGCT,60.11,50.0,0.0,0.0,0.0
828,CAGCCCTGAACCATTAACCT,60.11,50.0,0.0,0.0,0.0
846,TGGGGTAGAGACGAAAGCTA,60.11,50.0,0.0,0.0,0.0
869,GGCACACCGACTAGAAAAGA,60.11,50.0,0.0,0.0,0.0
886,AACCAAGATACGTCCACCAC,60.11,50.0,0.0,0.0,0.0
949,GGCCACCCTTTTACGAAAAC,60.11,50.0,0.0,0.0,0.0
1150,CCATGTCCTTTGTCTTCCGA,60.11,50.0,0.0,0.0,0.0
1296,ACATGGGGTTGCTCTAAGTG,60.11,50.0,0.0,0.0,0.0
1372,TGTCGTCGAAGTAGTGTTGG,60.11,50.0,0.0,0.0,0.0
8,CCTGTCCCGTAGAATGCTTT,60.18,50.0,0.0,0.0,0.0
92,GTCATTTCTACGTCGGGTGT,60.18,50.0,0.0,0.0,0.0
122,GGAGCAGGGTACGAAAATCA,60.18,50.0,0.0,0.0,0.0
151,CTGACGCCAAAACACATCTG,60.18,50.0,0.0,0.0,0.0
395,CTACTGGTTGGCTCGGAAAT,60.18,50.0,0.0,0.0,0.0
445,CACCCAACTAAAATGCAGCC,60.18,50.0,0.0,0.0,0.0
697,TCCGTTTCAATCCCGAGAAG,60.18,50.0,0.0,0.0,0.0
789,GCTCTTCGTTACTGACTGCT,60.18,50.0,0.0,0.0,0.0
809,CACGTTTTCAGTCATGCCAG,60.18,50.0,0.0,0.0,0.0
930,TAAGAGAAAAGCAGCTCCGG,60.18,50.0,0.0,0.0,0.0
1092,GCGTCCAAATACCCCTACAA,60.18,50.0,0.0,0.0,0.0
1173,AGGTAAGCGAGTCCCAATTG,60.18,50.0,0.0,0.0,0.0
1217,ACTTGGCTATGTAACACGGG,60.18,50.0,0.0,0.0,0.0
1398,CGGTACAAGTTAACGCCTCT,60.18,50.0,0.0,0.0,0.0
1421,CTGTCGCCAATCAAGGTAGT,60.18,50.0,0.0,0.0,0.0
169,CAGTGCCCGTGACTTGATAT,60.26,50.0,0.0,0.0,0.0
219,AATAGTAGCCGACCTTGTGC,60.26,50.0,0.0,0.0,0.0
232,TGAACTCAGGGGAACAACAC,60.26,50.0,0.0,0.0,0.0
242,GATCAATAGCGGGGTTCCAA,60.26,50.0,0.0,0.0,0.0
256,AATTCCTGTCGCTCTTAGGC,60.26,50.0,0.0,0.0,0.0
260,TCCGATTCTGTGCTTACGTC,60.26,50.0,0.0,0.0,0.0
411,CGATGACTCAGAGCACCATT,60.26,50.0,0.0,0.0,0.0
471,CCTGCTCGTATGCTTTCTCA,60.26,50.0,0.0,0.0,0.0
662,GCTAACTTCCAATGTGCTGC,60.26,50.0,0.0,0.0,0.0
874,GTCCCATGTTCAGGCGATAA,60.26,50.0,0.0,0.0,0.0
925,TGCGAGTAGAGACGGACATA,60.26,50.0,0.0,0.0,0.0
997,CTCACCATGAATTTTGCCCG,60.26,50.0,0.0,0.0,0.0
1114,CGCCAAATGAGATACCAGGT,60.26,50.0,0.0,0.0,0.0
1322,TCCAGGGGAATCGTTAATGC,60.26,50.0,0.0,0.0,0.0
1331,ATCGTGTTATTCGGGGTGTC,60.26,50.0,0.0,0.0,0.0
1396,GGCCATGCTGTTCTAATCCT,60.26,50.0,0.0,0.0,0.0
1504,AGGCAATTAGAGAGTTCGGC,60.26,50.0,0.0,0.0,0.0
46,CGCACTGCCGATAAACTTTC,60.32,50.0,0.0,0.0,0.0
928,GCTGTTTATGCGTCGTCTTG,60.32,50.0,0.0,0.0,0.0
64,ACTATGCGTCAATCTCACCG,60.33,50.0,0.0,0.0,0.0
183,GTCCTGAAGTGAACGTGACA,60.33,50.0,0.0,0.0,0.0
481,TGGATGGGACTGAAGGAGAA,60.33,50.0,0.0,0.0,0.0
1077,AGCCCAGAAACTCCAGTCTA,60.33,50.0,0.0,0.0,0.0
1496,TCTCCGAGTCTCTTGTGTCA,60.33,50.0,0.0,0.0,0.0
1534,GGTCGCCTCGGAATTTCATA,60.33,50.0,0.0,0.0,0.0
731,TCCTCCTTTCCCTCCATTCA,60.34,50.0,0.0,0.0,0.0
497,GCATGTTTGGAATCGTAGCG,60.39,50.0,0.0,0.0,0.0
322,CTACTTCCGTTGGCAGTGAA,60.4,50.0,0.0,0.0,0.0
362,TGTACTTTGGGAATGGCAGG,60.4,50.0,0.0,0.0,0.0
381,TACGTCCCTGAAGTTGCAAG,60.4,50.0,0.0,0.0,0.0
551,ACTTTAACCAGACGCTTCCC,60.4,50.0,0.0,0.0,0.0
589,ACATGCCTTAACTGGGTTCC,60.4,50.0,0.0,0.0,0.0
792,AGTGCCACTCTACCGTCTTA,60.4,50.0,0.0,0.0,0.0
883,TTGACTAGGCTTCAGTTGGC,60.4,50.0,0.0,0.0,0.0
1030,AAGACGGGACATTGGACAAG,60.4,50.0,0.0,0.0,0.0
1430,CGCGTCTCATTATTCCTCGT,60.4,50.0,0.0,0.0,0.0
562,TGAAATCCCATCTCCCAGGA,60.41,50.0,0.0,0.0,0.0
863,AACGTAGCTGGTTACCCCTA,60.41,50.0,0.0,0.0,0.0
1404,TCTGTAGGAATGACGGGACA,60.41,50.0,0.0,0.0,0.0
1510,TCGGAACCCAGATACAGACA,60.41,50.0,0.0,0.0,0.0
385,GAAGAAAGGTTTGCACGACG,60.46,50.0,0.0,0.0,0.0
1437,CGAAACAGCGAACAAGTCAC,60.46,50.0,0.0,0.0,0.0
152,GCACAGCCTTCTCATGGTAA,60.47,50.0,0.0,0.0,0.0
387,GCAAGGATTCGGTAACCACT,60.47,50.0,0.0,0.0,0.0
451,TGCGAGTTCCTAAAGTTCCG,60.47,50.0,0.0,0.0,0.0
674,ACTTGCTCACCCGATTACAC,60.47,50.0,0.0,0.0,0.0
744,AGACCTGAAATGCGAGTCAC,60.47,50.0,0.0,0.0,0.0
804,TTATGGACCTGAAGCCGTTG,60.47,50.0,0.0,0.0,0.0
1263,TCCGCAGAATTACACAAGGG,60.47,50.0,0.0,0.0,0.0
1454,ACAATTTGCGACCCTCTACC,60.47,50.0,0.0,0.0,0.0
1570,GTACACTGCTCGACGTTTCT,60.47,50.0,0.0,0.0,0.0
32,AGTGTAGGGATAACGGCTCA,60.48,50.0,0.0,0.0,0.0
38,TATGGTAGGAGGCGGTTCTT,60.48,50.0,0.0,0.0,0.0
1516,AAGATCAGCCTAAGACGGGA,60.48,50.0,0.0,0.0,0.0
296,CGTTGCCATCGAAGTCAGTA,60.54,50.0,0.0,0.0,0.0
601,ACAGAAGCGATCACCCATTC,60.54,50.0,0.0,0.0,0.0
714,GCTCGTGAAAATCCAGGCTA,60.54,50.0,0.0,0.0,0.0
793,GGTTACCTTGGAAATTGCGC,60.54,50.0,0.0,0.0,0.0
896,GTCATTGCTCCTAGTTCGCA,60.54,50.0,0.0,0.0,0.0
968,TGCTCCAGAACGCATAGAAC,60.54,50.0,0.0,0.0,0.0
1047,AGACTCATGCCTAAACTGCG,60.54,50.0,0.0,0.0,0.0
1105,ACAGAACTCAAGCTATGCCG,60.54,50.0,0.0,0.0,0.0
1164,CTTTTCATCAGCCCGCTAGT,60.54,50.0,0.0,0.0,0.0
1251,TGCTTAACCCTAATGCCGAC,60.54,50.0,0.0,0.0,0.0
1520,TCACAGTAAGATCACAGCGC,60.54,50.0,0.0,0.0,0.0
247,TAAGCCTGCATGATGGTCAC,60.55,50.0,0.0,0.0,0.0
360,ACCCCATTCTATTGACGCAC,60.55,50.0,0.0,0.0,0.0
511,AATAAACGGACCCTGCATCC,60.55,50.0,0.0,0.0,0.0
784,ACCTTCATAGCGATCCCTCA,60.55,50.0,0.0,0.0,0.0
905,TGGTGGGGTTTAAGTGGTTG,60.55,50.0,0.0,0.0,0.0
1100,GTGGTTTGGGCATACGAGAT,60.55,50.0,0.0,0.0,0.0
898,AGGGGATGCAATACGGTAGA,60.56,50.0,0.0,0.0,0.0
629,GCTTGCGACGTGTATCAGTA,60.6,50.0,0.0,0.0,0.0
62,GACGTTGGGTGTTGAAGAGT,60.61,50.0,0.0,0.0,0.0
1154,CACCCATGAATCCGTCGAAT,60.61,50.0,0.0,0.0,0.0
1272,GCTAATTCCTGCACCATCGA,60.61,50.0,0.0,0.0,0.0
1422,GGCGTCAGGATTTCTCGAAT,60.61,50.0,0.0,0.0,0.0
37,CTTATGCCATCCTTCGCCTT,60.62,50.0,0.0,0.0,0.0
556,TCAACTTCACTTTCCCACGG,60.62,50.0,0.0,0.0,0.0
573,CGCCCCGAATGAGGAAAATA,60.62,50.0,0.0,0.0,0.0
1482,TATGGGTGATAAACAGGCGC,60.62,50.0,0.0,0.0,0.0
788,TTCCCTGCTAGTCCCAAAGA,60.63,50.0,0.0,0.0,0.0
1049,TAGTGTGAGGTCCAGCTTCA,60.63,50.0,0.0,0.0,0.0
1313,ACCTGGGGAACTTGGGAATA,60.64,50.0,0.0,0.0,0.0
576,CCGACGCATCAGAAATACGA,60.67,50.0,0.0,0.0,0.0
568,TGTGCTTGGTCGGTAAGTTC,60.68,50.0,0.0,0.0,0.0
579,TCAGACTACACAAACCGCAC,60.68,50.0,0.0,0.0,0.0
1069,CAACTTCGTTCACAGGCTCT,60.68,50.0,0.0,0.0,0.0
1302,TGAAAACTTCCACCTCGTCG,60.68,50.0,0.0,0.0,0.0
1553,GTCGTGTGTTTAGAGCCCAA,60.68,50.0,0.0,0.0,0.0
280,AGGTAAAGGTTTGGAGCGTG,60.69,50.0,0.0,0.0,0.0
993,CCTTGCGAAACCTGAGACTT,60.69,50.0,0.0,0.0,0.0
1435,CTACACCGTTTCTTGGGCTT,60.69,50.0,0.0,0.0,0.0
158,AGTCGGTCATGAGGGTTGTA,60.7,50.0,0.0,0.0,0.0
1255,AGGGATGTTACCGTCAGTGA,60.7,50.0,0.0,0.0,0.0
1383,TGATTCTCACGACTGCAACC,60.75,50.0,0.0,0.0,0.0
45,ACCAACAGCATAGTTCACCG,60.76,50.0,0.0,0.0,0.0
224,AGGTTTGATGCGGAAGTCAG,60.76,50.0,0.0,0.0,0.0
448,CTCCTGCGTCCATTTTGTCT,60.76,50.0,0.0,0.0,0.0
656,GCCGAACACAATGAGGAAGA,60.76,50.0,0.0,0.0,0.0
889,CAATGCGTGGAGGAAGAGTT,60.76,50.0,0.0,0.0,0.0
922,ACCACAGCCAATAAGAACGG,60.76,50.0,0.0,0.0,0.0
940,AGGTCCGCGCCATATTATTG,60.76,50.0,0.0,0.0,0.0
1017,AGCTTCCCGTCAGTTGATTG,60.76,50.0,0.0,0.0,0.0
1303,GTGCAAGTGACCCGATTGTA,60.76,50.0,0.0,0.0,0.0
1348,CCACACGATTTACAGCCAGT,60.76,50.0,0.0,0.0,0.0
1434,AGTGCATCTTTGAGTCAGGC,60.76,50.0,0.0,0.0,0.0
314,TGCTGACCGAGTTCATAGGA,60.77,50.0,0.0,0.0,0.0
558,TCAGATGGAATGGGTTTGGC,60.77,50.0,0.0,0.0,0.0
994,AGGATAACTGTGTAGCGGGT,60.77,50.0,0.0,0.0,0.0
1214,ACCCAACGAGACTAGCAGAT,60.77,50.0,0.0,0.0,0.0
166,ACGAAAGGCAGGGGTAGTAT,60.78,50.0,0.0,0.0,0.0
1184,ACACATCCACTCAGCCCTAT,60.78,50.0,0.0,0.0,0.0
827,GTATTACGAACCGGCCAACA,60.82,50.0,0.0,0.0,0.0
509,ATGGACTAAGGAAACGCTGC,60.83,50.0,0.0,0.0,0.0
520,AATGATGTCGGGTTGAGCTG,60.83,50.0,0.0,0.0,0.0
1001,CATCGTGGGAGCTTTGACAT,60.83,50.0,0.0,0.0,0.0
865,AGACAGCTACGCATAGACCA,60.84,50.0,0.0,0.0,0.0
483,CTAACGATGCAAAGCTCCGA,60.89,50.0,0.0,0.0,0.0
1464,TGCTACGCCTCGATCTTTTG,60.89,50.0,0.0,0.0,0.0
191,TTGCCAATACTCCTGATGCG,60.9,50.0,0.0,0.0,0.0
319,TCCCGAAACGATACGAGCTA,60.9,50.0,0.0,0.0,0.0
369,TGTGATTCCGGTCATGCATC,60.9,50.0,0.0,0.0,0.0
442,GGCACATCCGCTCAAATACT,60.9,50.0,0.0,0.0,0.0
848,TCATAGCAAGGAAAGAGCGC,60.9,50.0,0.0,0.0,0.0
1162,CATGACGCCAGCATTCTACA,60.9,50.0,0.0,0.0,0.0
559,GCTATTCCTTTGCCCCGAAT,60.91,50.0,0.0,0.0,0.0
128,TCAAGTTCGTCCCTCCTTCA,60.92,50.0,0.0,0.0,0.0
210,AGTGTGCTCTTGTCCTACCA,60.92,50.0,0.0,0.0,0.0
829,AGCCCAGACAGAGACTTCAA,60.92,50.0,0.0,0.0,0.0
587,CGTCATAAAGTGCGTCCGAT,60.95,50.0,0.0,0.0,0.0
1223,AATCACCATTAGTCGTCGCG,60.95,50.0,0.0,0.0,0.0
1361,CAACGATCAATGCGAGGCTA,60.96,50.0,0.0,0.0,0.0
1149,GGTGTGACAACCGTTAAGCT,60.97,50.0,0.0,0.0,0.0
1486,CCTTGACAACTGCACTCGAA,60.97,50.0,0.0,0.0,0.0
798,ACGATGGCTCTGCTACGATA,60.98,50.0,0.0,0.0,0.0
810,TAAACCTGGAAGTTGCCTGC,60.98,50.0,0.0,0.0,0.0
599,TGGGATTGGTCTAACGGTGA,60.99,50.0,0.0,0.0,0.0
1247,TTGGGAGTGGAGACGATCAA,60.99,50.0,0.0,0.0,0.0
1280,AACCTACAAACTCGTCGCAC,61.03,50.0,0.0,0.0,0.0
33,GTGATGAGGTTGCTTCGTGT,61.04,50.0,0.0,0.0,0.0
672,CAAAGGAGAAAGCAGCGAGT,61.04,50.0,0.0,0.0,0.0
1179,GGTCAAAAGCGATGTTCCCT,61.05,50.0,0.0,0.0,0.0
245,TGTCCTTCCTACTGATGCGT,61.06,50.0,0.0,0.0,0.0
295,CCAATCAAAGGAAGCTGGCT,61.06,50.0,0.0,0.0,0.0
1319,AACGCTCAGTGTCCCTATGA,61.06,50.0,0.0,0.0,0.0
1374,GGTGGTTTGATCTGTGGCAT,61.06,50.0,0.0,0.0,0.0
1507,AGATGCTCCTCGGTACAACA,61.06,50.0,0.0,0.0,0.0
366,AATTGCCCAGTCTCCGAGTA,61.07,50.0,0.0,0.0,0.0
790,TGAGGAGTGCTGGCTTATCA,61.07,50.0,0.0,0.0,0.0
1193,CGTCACTCGCCGTCTTTTAA,61.09,50.0,0.0,0.0,0.0
405,ACGTAGACATCTCGCACTGA,61.11,50.0,0.0,0.0,0.0
548,GTTTGATCAGGCATGGACGT,61.11,50.0,0.0,0.0,0.0
1377,AAAGTACGCCGTGGGATTTC,61.11,50.0,0.0,0.0,0.0
211,AACAGGGCGAATTGGTCATC,61.12,50.0,0.0,0.0,0.0
1,ATATCACGCCTCTCCCACAA,61.14,50.0,0.0,0.0,0.0
712,TCCCACGCATGTACCATAGT,61.14,50.0,0.0,0.0,0.0
808,ATTACGAGGCATGAGGTCCA,61.14,50.0,0.0,0.0,0.0
1448,TCTATGTCATTGGGCCGAGT,61.14,50.0,0.0,0.0,0.0
1469,ATATGCCGTACCCTGACCAA,61.14,50.0,0.0,0.0,0.0
1552,TGGTCTCAGCATCCCATGAT,61.15,50.0,0.0,0.0,0.0
6,CGCTCGCCAAATTGTCTACT,61.17,50.0,0.0,0.0,0.0
354,AAGCTACGCAATGACAGTCG,61.17,50.0,0.0,0.0,0.0
107,GCCGCCTTACCGATACAAAA,61.18,50.0,0.0,0.0,0.0
316,ACCACCGATTAATGTCACGC,61.18,50.0,0.0,0.0,0.0
529,CCGCTTTCATCACCGATCAA,61.18,50.0,0.0,0.0,0.0
1055,GCCCCAAACATTAGCATCGA,61.19,50.0,0.0,0.0,0.0
1392,GACGGGTTCTTGTGTTGGTT,61.19,50.0,0.0,0.0,0.0
1541,TATTCGCTACGCTCACCTGA,61.19,50.0,0.0,0.0,0.0
428,ATCGCCGTGGTATCAGGTAA,61.2,50.0,0.0,0.0,0.0
891,TCGAACGACCCAGCTATCAT,61.2,50.0,0.0,0.0,0.0
129,TATCCATCGGCACCTCACAT,61.21,50.0,0.0,0.0,0.0
842,CTCAAGGGGTTTTGGTTGCT,61.21,50.0,0.0,0.0,0.0
1238,TTGGTGCCTCTACAGTGACA,61.21,50.0,0.0,0.0,0.0
557,ACCCCACATTGTCAGTCTGA,61.22,50.0,0.0,0.0,0.0
1123,GTTGCTGGTGTACGTGAACA,61.24,50.0,0.0,0.0,0.0
356,TACTGCCGCATCGAAAATCC,61.25,50.0,0.0,0.0,0.0
592,ACAAGCCTGACGAACACAAG,61.25,50.0,0.0,0.0,0.0
867,GCTGTCGTTGTTTCTGTGGA,61.25,50.0,0.0,0.0,0.0
998,GACGCACAAAAGTGGACTGA,61.25,50.0,0.0,0.0,0.0
1117,CTAAAATGGGAGCGTGCGAT,61.25,50.0,0.0,0.0,0.0
1220,TTTGCCGTGTCTTTCTTCCC,61.26,50.0,0.0,0.0,0.0
785,TAGTCGAAACGGGGTCTGTT,61.27,50.0,0.0,0.0,0.0
1088,TTGTAGAGTCAGTCGCCCAA,61.27,50.0,0.0,0.0,0.0
1131,AGCCACGATACCTATTCGCT,61.27,50.0,0.0,0.0,0.0
1200,AAGTTGGTCAAGCATGGGTG,61.27,50.0,0.0,0.0,0.0
1426,TCAAGGTAAGCGGGAACAGA,61.28,50.0,0.0,0.0,0.0
1545,ATCGGTCGAGGGCATAATGA,61.28,50.0,0.0,0.0,0.0
631,AGGCAAGTGACCATGTACCT,61.29,50.0,0.0,0.0,0.0
1012,AATTGTCCAACCTCCCGAGA,61.29,50.0,0.0,0.0,0.0
320,ATTCAACCCTCTGTGCTCCT,61.3,50.0,0.0,0.0,0.0
1015,ACCGTTTCACCATCCCCTAA,61.3,50.0,0.0,0.0,0.0
924,GTTAGCTTTGTCTGCCTGCA,61.33,50.0,0.0,0.0,0.0
1405,AACTGATTCCTGCCGTTGTG,61.33,50.0,0.0,0.0,0.0
1495,GGCTTGGTTTCCGATTCACA,61.33,50.0,0.0,0.0,0.0
1186,AAGTCAAGTGCTCCGCTAGA,61.34,50.0,0.0,0.0,0.0
1228,ACGACACAGCACTACCATCT,61.34,50.0,0.0,0.0,0.0
588,TCAAGATGGGAGCCGTGTAA,61.35,50.0,0.0,0.0,0.0
1128,AGGATTCGTTAACCCGGTGA,61.35,50.0,0.0,0.0,0.0
729,AAAGGTGCGGGGATAGTTCT,61.37,50.0,0.0,0.0,0.0
2,TGCGACACTCAAACGGAATC,61.38,50.0,0.0,0.0,0.0
1226,AGGGTTTGATCAGGGCAGAT,61.38,50.0,0.0,0.0,0.0
399,GCCTTGCCCCGACTAATTTT,61.41,50.0,0.0,0.0,0.0
1016,TTACCGTTCCTGCTCATCGA,61.41,50.0,0.0,0.0,0.0
1075,CCACAAATGAACCCTGCGAT,61.41,50.0,0.0,0.0,0.0
1441,TCCATCTGTTCGTAGCGGAA,61.41,50.0,0.0,0.0,0.0
687,AACGCAGGCTATCACTCTGA,61.42,50.0,0.0,0.0,0.0
526,AACCCATGTAGCTCCCGATT,61.44,50.0,0.0,0.0,0.0
1127,CACACGCCGAGTTAAACGAT,61.44,50.0,0.0,0.0,0.0
954,TTCCGCTGCCTTAAACATCG,61.46,50.0,0.0,0.0,0.0
359,ACAGTGGGTGCAGTTGTTTC,61.48,50.0,0.0,0.0,0.0
978,TCTGTCCCACTTCCACGAAA,61.5,50.0,0.0,0.0,0.0
515,TCTCACCTGCCAAGACAACT,61.51,50.0,0.0,0.0,0.0
1332,AATCGAGATTGAACGGTGCG,61.51,50.0,0.0,0.0,0.0
1400,ACCAGTGTAAAACCTCCCGT,61.51,50.0,0.0,0.0,0.0
238,GCGCCATTACCAATCTCGTT,61.53,50.0,0.0,0.0,0.0
252,TTGTTTCCTGTGTGCTTCGG,61.54,50.0,0.0,0.0,0.0
533,TTGCGTTTTCACAGTCCCAG,61.54,50.0,0.0,0.0,0.0
154,AAGTAAGCGGACAGGGTTGA,61.57,50.0,0.0,0.0,0.0
815,TCTTGCTTTCCAGGCTCAGA,61.58,50.0,0.0,0.0,0.0
70,TCAGTTTACGCCACAAAGCC,61.61,50.0,0.0,0.0,0.0
831,GTAAGGCGAACAACTGGCAA,61.61,50.0,0.0,0.0,0.0
79,TACCGCCTTTTCAGACGACT,61.62,50.0,0.0,0.0,0.0
84,AATCGACTTGTGTTTGCCCC,61.62,50.0,0.0,0.0,0.0
218,AAACGACGGCCTCTTACTCA,61.62,50.0,0.0,0.0,0.0
1318,TTCAGTCCATCCCGCTTTCT,61.65,50.0,0.0,0.0,0.0
1175,TGTGGCGAGACAAAACGATG,61.66,50.0,0.0,0.0,0.0
1211,AGACAACGGCCTGGGATTTA,61.66,50.0,0.0,0.0,0.0
291,CATTCAACGCACTCTGGCTT,61.67,50.0,0.0,0.0,0.0
600,CAACGCTGCAAGGATGTTCT,61.67,50.0,0.0,0.0,0.0
5,CAGCTGCCCAATTTAGTGCA,61.69,50.0,0.0,0.0,0.0
1196,TCCGTCGTTGCTTCATCTCT,61.69,50.0,0.0,0.0,0.0
221,TCGTATTTCTGTCACCCGCT,61.7,50.0,0.0,0.0,0.0
454,AGCGTTACACCTAAGCCCAT,61.72,50.0,0.0,0.0,0.0
1161,TTGCATGTATGGGGACGACT,61.72,50.0,0.0,0.0,0.0
1424,AGAATTCGGCTCATGGACCA,61.72,50.0,0.0,0.0,0.0
347,ACAGGCGAAACTATGCAAGC,61.74,50.0,0.0,0.0,0.0
1094,ATAGCCACTTACGCAGCAGA,61.77,50.0,0.0,0.0,0.0
236,TTCCCCTAATTCGTCCGCAT,61.79,50.0,0.0,0.0,0.0
1481,CGCTCCGATGCAACTTTCAT,61.8,50.0,0.0,0.0,0.0
98,ACCGTCCCTTCACAATGACA,61.86,50.0,0.0,0.0,0.0
283,TCTTCTTCGTCCTTTGCCGA,61.91,50.0,0.0,0.0,0.0
637,TCGACCACCTTAAAGCACGA,61.91,50.0,0.0,0.0,0.0
340,ATCACCCACAGACATGCACT,61.95,50.0,0.0,0.0,0.0
1391,CGAATCAACCCGCTGTGTTT,61.95,50.0,0.0,0.0,0.0
627,AGCAACGTCTGAATCGACCT,61.98,50.0,0.0,0.0,0.0
1057,CATGCCATTCAAGTTGCCCA,61.99,50.0,0.0,0.0,0.0