,sequence,tm,gc_per,any_th,3p_th,hairpin_th
105,GCGGTCTATCGTAGTTTACC,58.01,50.0,0.0,0.0,0.0
419,GAGTGATATTCGGTCGTGAG,58.01,50.0,0.0,0.0,0.0
778,GGGTTACAAGCTAGTTCTGG,58.02,50.0,0.0,0.0,0.0
571,GATAGACGCCTCATCCAATC,58.05,50.0,0.0,0.0,0.0
1166,GTGTAAGTCAGTGTAGGCAG,58.05,50.0,0.0,0.0,0.0
26,CTTGTAGGTAGAACGTGTGG,58.06,50.0,0.0,0.0,0.0
172,GAGTCACAGAAACTACCGTC,58.07,50.0,0.0,0.0,0.0
199,CCCTGACTGAATCTGCTAAC,58.1,50.0,0.0,0.0,0.0
378,CTTACTACTGCAACCCCATC,58.1,50.0,0.0,0.0,0.0
1301,GGTATAGCCTGAACAACCAG,58.1,50.0,0.0,0.0,0.0
514,CAAGGAAACAGTCGGATAGG,58.11,50.0,0.0,0.0,0.0
765,GTACATGAGCACCCTTACAG,58.11,50.0,0.0,0.0,0.0
100,GCCTATCTAATACAGTCGCG,58.15,50.0,0.0,0.0,0.0
253,CTGGGGAGAAATAATGGACG,58.17,50.0,0.0,0.0,0.0
612,CCTAGATTTAGTTCGGGCAC,58.18,50.0,0.0,0.0,0.0
647,CAGAATACGTTAAGGGGCTC,58.18,50.0,0.0,0.0,0.0
911,CGGGTTCATCATCCAGTAAG,58.18,50.0,0.0,0.0,0.0
963,GGCATACAAGAGAGGTGATG,58.18,50.0,0.0,0.0,0.0
853,GTAGCCTTTATGACTGGACG,58.2,50.0,0.0,0.0,0.0
1530,CTTATAACAGTGGTCTCGGC,58.2,50.0,0.0,0.0,0.0
750,GATGACACTAGCGAACTCTG,58.22,50.0,0.0,0.0,0.0
174,CGTTACCCTATCATTGACGG,58.27,50.0,0.0,0.0,0.0
1084,AGAAGTCTAAGAGAGCCAGG,58.28,50.0,0.0,0.0,0.0
408,CCTCTAAACTCGGTCAGGTA,58.29,50.0,0.0,0.0,0.0
396,CACGTTTAGATCGGCTAGTC,58.3,50.0,0.0,0.0,0.0
826,CGACCGCTATGAAGTTAGTC,58.3,50.0,0.0,0.0,0.0
1564,GCATCGTTATACTTAGCCCC,58.33,50.0,0.0,0.0,0.0
732,GGAGAGCATACTTAGGGGAA,58.34,50.0,0.0,0.0,0.0
1358,GCTAGATCCCGAAATGCTAC,58.34,50.0,0.0,0.0,0.0
1406,CTTCTTACACTTCACGGGAC,58.34,50.0,0.0,0.0,0.0
455,CCGGGTACTATTGGTAGACA,58.36,50.0,0.0,0.0,0.0
835,CCACTATCCTGGCTTTCAAG,58.38,50.0,0.0,0.0,0.0
50,GTAGGGTCAGTTATTGTGCC,58.39,50.0,0.0,0.0,0.0
920,GGAAACCCTACACTACATGC,58.39,50.0,0.0,0.0,0.0
1277,GTCAGGTCTCTTGCCATTAC,58.4,50.0,0.0,0.0,0.0
16,GGTCGTCAGTGTTAATCCAG,58.41,50.0,0.0,0.0,0.0
1493,CCACCAGACCACGTATTTAC,58.41,50.0,0.0,0.0,0.0
1187,CGTATATGCTCGATTCACCC,58.42,50.0,0.0,0.0,0.0
164,CTCGTACAAGTCAAGCTCTG,58.43,50.0,0.0,0.0,0.0
262,CATCAGGGGTCGAGGTTATA,58.43,50.0,0.0,0.0,0.0
1565,ACTAAGCTCCCGAATCCTAG,58.43,50.0,0.0,0.0,0.0
246,AGTAATAGTAGGAGCGTGGG,58.44,50.0,0.0,0.0,0.0
713,CGTGATCAATTAAGGACCCC,58.46,50.0,0.0,0.0,0.0
541,CCATCTTTAGCGTGTACCAG,58.48,50.0,0.0,0.0,0.0
311,GGACTGTAGTTAATCACGCC,58.49,50.0,0.0,0.0,0.0
111,CTGTCCTCGGTTCGTTATTC,58.5,50.0,0.0,0.0,0.0
1104,GGTAATGCACATCCTAGCTG,58.54,50.0,0.0,0.0,0.0
406,CGGCACAGAGGAATATCTTG,58.55,50.0,0.0,0.0,0.0
759,GGCTACTCATCGTTGAATCC,58.55,50.0,0.0,0.0,0.0
864,GCAACACCTATATTCCGTCC,58.55,50.0,0.0,0.0,0.0
376,CGGTTAGGAATGCGTCTAAG,58.57,50.0,0.0,0.0,0.0
404,GTCAGGCTAAAGGTCTCTCT,58.58,50.0,0.0,0.0,0.0
1554,CTTTTCCCTAGAGTCGGAGT,58.58,50.0,0.0,0.0,0.0
243,GGCTCACACCCTTTAAGAAG,58.6,50.0,0.0,0.0,0.0
917,CAGCACATCATAGGGCATAC,58.61,50.0,0.0,0.0,0.0
492,CAGCACCATATCTTGATCCG,58.62,50.0,0.0,0.0,0.0
516,CTTCGAAAAGTGGTGAGAGG,58.62,50.0,0.0,0.0,0.0
916,GTTTTGACCTTCCTACGACC,58.62,50.0,0.0,0.0,0.0
868,CCCTGATACAGTCTCCCATT,58.63,50.0,0.0,0.0,0.0
1138,CTCGATATGGCACTTGTAGC,58.63,50.0,0.0,0.0,0.0
1566,CGGAAGTTAGATCTCGCATG,58.64,50.0,0.0,0.0,0.0
1244,CACACGTACTCTGACACAAG,58.65,50.0,0.0,0.0,0.0
933,GGGAATACTTCTGAGGTCGA,58.66,50.0,0.0,0.0,0.0
235,CCGCCGACCATAGAGTATAT,58.67,50.0,0.0,0.0,0.0
927,CTGGGACTGGAATCAACATG,58.67,50.0,0.0,0.0,0.0
1283,CTTCTTGGGATGCAGTGTAC,58.68,50.0,0.0,0.0,0.0
39,GGATGCCATGTGATACGATC,58.69,50.0,0.0,0.0,0.0
363,CATAAAGACGACTGGGTTGG,58.69,50.0,0.0,0.0,0.0
907,CTGTATGAGGCACACTTGAC,58.69,50.0,0.0,0.0,0.0
1357,GTCTCCGTGGATTGAAAGTC,58.7,50.0,0.0,0.0,0.0
150,CTCGAAAACCAGCTAGACAC,58.71,50.0,0.0,0.0,0.0
590,GAGTACAGTGAAAGAAGCCG,58.71,50.0,0.0,0.0,0.0
1005,GCCTTGAAACGAGACACTAG,58.71,50.0,0.0,0.0,0.0
141,CTATCGTGCTATTCCTTCGC,58.72,50.0,0.0,0.0,0.0
41,CCTCACTCATGTATCTCGGT,58.74,50.0,0.0,0.0,0.0
524,CCCCTGAAATAATGGAACCG,58.74,50.0,0.0,0.0,0.0
1039,GTATCTCCTGAAGCGGTACT,58.74,50.0,0.0,0.0,0.0
49,GTTCGGATGGGGTATTTCAC,58.75,50.0,0.0,0.0,0.0
1249,GATTGGCAGAGAACATCCTG,58.75,50.0,0.0,0.0,0.0
317,GACCTTTCGATTCTGCTCAG,58.77,50.0,0.0,0.0,0.0
715,TACACGCTCGTAGTACTCTG,58.77,50.0,0.0,0.0,0.0
440,CTTGATTAGTCGAGCACCAC,58.78,50.0,0.0,0.0,0.0
1132,GGTTACTGAGGTGAAGGAGT,58.79,50.0,0.0,0.0,0.0
796,TAAGATCATACTCAGCGGGG,58.8,50.0,0.0,0.0,0.0
23,GATTAAGGCAAGGATTCCGG,58.82,50.0,0.0,0.0,0.0
374,CTTACAACACAACCTGACCC,58.82,50.0,0.0,0.0,0.0
892,CCTGTTGGTGAGTGGTAAAC,58.82,50.0,0.0,0.0,0.0
622,ACGCCGTACTAATAGTCTCC,58.83,50.0,0.0,0.0,0.0
781,GTAGTGAGCCATTGATCTGC,58.83,50.0,0.0,0.0,0.0
995,GTTGTAGGAATACATGCCGG,58.83,50.0,0.0,0.0,0.0
1472,GACTAATAGTGTTGCTCGCC,58.85,50.0,0.0,0.0,0.0
1146,CTGTAGTGGTGGGGTTATGA,58.86,50.0,0.0,0.0,0.0
552,CTGGTGGGACTCTGTTATGA,58.87,50.0,0.0,0.0,0.0
724,CCAGATATCGGCATCCTACA,58.88,50.0,0.0,0.0,0.0
695,CCGGGCGTATCATAGAACTA,58.89,50.0,0.0,0.0,0.0
1399,GAGCCCCTAAATAATTCCGC,58.89,50.0,0.0,0.0,0.0
1518,CCCAACTGCCATGCTATATG,58.89,50.0,0.0,0.0,0.0
14,CTTTCTTAGGTGTGGTGCTG,58.9,50.0,0.0,0.0,0.0
1056,GAAGGCTATAACCAATCCGC,58.9,50.0,0.0,0.0,0.0
288,CTGACCCGTTCACTTTACAC,58.91,50.0,0.0,0.0,0.0
1567,GTTTACACCAGCTCACAGAC,58.91,50.0,0.0,0.0,0.0
258,GCTGCGTCTCATATTGTCTC,58.92,50.0,0.0,0.0,0.0
779,GGAGTTTCAAGTGTCAGTCG,58.92,50.0,0.0,0.0,0.0
958,GACCGTGCCTTCGTTATATG,58.92,50.0,0.0,0.0,0.0
617,GACACATAGTAATCCGCACG,58.93,50.0,0.0,0.0,0.0
625,CCCATCACTCCTACCATCAA,58.93,50.0,0.0,0.0,0.0
854,CTGATGTTATTCGACGCTCC,58.93,50.0,0.0,0.0,0.0
1311,CGTTACTCTCAATGCGGATC,58.93,50.0,0.0,0.0,0.0
752,GCCCTCTCCAACTCTGAATA,58.94,50.0,0.0,0.0,0.0
1112,CCTTCTCCCTTGGATCGTAA,58.94,50.0,0.0,0.0,0.0
1365,TTAGACCTACACATCCTGGC,58.94,50.0,0.0,0.0,0.0
638,GGAATACCTTCTTTTGGCCC,58.95,50.0,0.0,0.0,0.0
673,TACCAGATATAATCGGCCCG,58.95,50.0,0.0,0.0,0.0
1328,TGAATCCCGTCACTTCTAGG,58.95,50.0,0.0,0.0,0.0
510,ACTCGATCTTCCTGTCTGTC,58.96,50.0,0.0,0.0,0.0
850,GTGGTGAGTTATGAGCCAAC,58.97,50.0,0.0,0.0,0.0
856,CTCGTGCTAGACAAGTAGGT,58.97,50.0,0.0,0.0,0.0
1428,CAGTGAATAGTTGTGCAGGG,58.97,50.0,0.0,0.0,0.0
503,GTACCGCTTTACTTTCCACC,58.98,50.0,0.0,0.0,0.0
726,GTATCATGCATTAGTCCGGC,58.98,50.0,0.0,0.0,0.0
1366,GTACCATTGAACCACCTTCG,58.98,50.0,0.0,0.0,0.0
459,CGAGTCCTCCCCATCAATAA,59.01,50.0,0.0,0.0,0.0
28,CGGGGTCCAGTAATCACATA,59.02,50.0,0.0,0.0,0.0
51,AGGGGTAATCACGTATGTCC,59.02,50.0,0.0,0.0,0.0
630,GCGGATTGGTAAGGGTACTA,59.02,50.0,0.0,0.0,0.0
910,TTACCGTTCATCCTAGCTCC,59.02,50.0,0.0,0.0,0.0
972,TCTAAACCATCTCCCGCTAC,59.02,50.0,0.0,0.0,0.0
1064,TCCTGCGTCTTTCCTATACC,59.02,50.0,0.0,0.0,0.0
60,CTATCGTGCTGTAGTTCCCT,59.03,50.0,0.0,0.0,0.0
377,GCTTGATCCCTAGTACGTGA,59.03,50.0,0.0,0.0,0.0
824,CAGGTATCTAGCGGAGTGTT,59.03,50.0,0.0,0.0,0.0
1367,GATTCAGCACCCGTACTAGA,59.03,50.0,0.0,0.0,0.0
943,CCGTCCTGAACTATCGAGAA,59.04,50.0,0.0,0.0,0.0
1307,GTCATTGATTGCTCTGGACC,59.04,50.0,0.0,0.0,0.0
1442,GAGGTGGTGCTCATTCAATC,59.04,50.0,0.0,0.0,0.0
530,GATACAGTGAAAGGAACGCC,59.05,50.0,0.0,0.0,0.0
1279,CAAAATCACAGCGTCCCTAG,59.05,50.0,0.0,0.0,0.0
1502,GATAGGCACAGCAGTTCTTG,59.05,50.0,0.0,0.0,0.0
538,GGAAAGGACGAATTACACCG,59.06,50.0,0.0,0.0,0.0
885,CGCTGTAATCACTGAACCTG,59.06,50.0,0.0,0.0,0.0
1417,CGGCACTTTACTCTGTTAGC,59.06,50.0,0.0,0.0,0.0
1500,CAGAACGACCTACAATGCTG,59.06,50.0,0.0,0.0,0.0
1519,GGCTCGTTAGTCATGTGTTC,59.06,50.0,0.0,0.0,0.0
144,CCACCGAGGCTATGTAATCT,59.09,50.0,0.0,0.0,0.0
370,CCCTATATGCGTCCTGAACT,59.09,50.0,0.0,0.0,0.0
654,GGATAAGGATGCGGTCTACA,59.1,50.0,0.0,0.0,0.0
1062,TCTAGACTAATCGCAGCCAG,59.11,50.0,0.0,0.0,0.0
94,CACAAGATACGGGATGCAAG,59.12,50.0,0.0,0.0,0.0
292,CCGGTGCATTCTGTTCATAG,59.12,50.0,0.0,0.0,0.0
699,GGTCGGCATAATCAAGTCAC,59.12,50.0,0.0,0.0,0.0
1061,GACTGTTCGTATTCATGCCC,59.12,50.0,0.0,0.0,0.0
163,GCAGGAAAACTATCGCTCTG,59.13,50.0,0.0,0.0,0.0
331,CTAAGTCAAATTACGCCCCG,59.13,50.0,0.0,0.0,0.0
398,GCGCTAGAAGTTTCCTCATG,59.13,50.0,0.0,0.0,0.0
1197,CCGGATGTGAAAACGAGATC,59.13,50.0,0.0,0.0,0.0
1560,TGTAGAGGGATAAGGGGTGA,59.13,50.0,0.0,0.0,0.0
143,TGACTGTGAGGGGTATTGAC,59.16,50.0,0.0,0.0,0.0
626,ATGCTATTCCGTATCCCAGG,59.16,50.0,0.0,0.0,0.0
1163,CTGTTGAAGATGAGTCCCCT,59.16,50.0,0.0,0.0,0.0
1388,AAAGGGGAGTAGGCTAACAC,59.16,50.0,0.0,0.0,0.0
457,ACTCTTCAGCCTTGTCCTAC,59.17,50.0,0.0,0.0,0.0
840,CTCTCTTGGGCACTAACTCA,59.17,50.0,0.0,0.0,0.0
1006,TCTCCTACGGTCCAAAACTC,59.17,50.0,0.0,0.0,0.0
1407,CACCTGACTTTCTCCTGCTA,59.17,50.0,0.0,0.0,0.0
932,GTCGTGAAGAGAAGAGTGGA,59.18,50.0,0.0,0.0,0.0
1124,CCTTTCCAGCACAAAGTACC,59.18,50.0,0.0,0.0,0.0
1176,GCCTATGTATCTCAGCGACT,59.18,50.0,0.0,0.0,0.0
812,GTCGTTGGTGGGTTTTAGAC,59.19,50.0,0.0,0.0,0.0
751,CAGTCGCCCAAGTATTATGC,59.2,50.0,0.0,0.0,0.0
43,TGGTCATCTCCCCAATAACC,59.22,50.0,0.0,0.0,0.0
813,AGTTAATACCCAGCAGTCCC,59.23,50.0,0.0,0.0,0.0
1035,CTCCCTTTCGATACCACCTT,59.23,50.0,0.0,0.0,0.0
1329,CCCTATTTTCCTCCAGACGT,59.23,50.0,0.0,0.0,0.0
410,GTAGGGATTGGTCGAGTTCA,59.24,50.0,0.0,0.0,0.0
437,CTCCTCCGTGTTTGTATCCT,59.24,50.0,0.0,0.0,0.0
710,TTCCTCAATTACGGACCTCC,59.24,50.0,0.0,0.0,0.0
718,CCTTCAGACAACGAGGAGAT,59.24,50.0,0.0,0.0,0.0
975,TAGGATTCGAGTTGGTGGTC,59.24,50.0,0.0,0.0,0.0
1021,CAGTTCCATCGAGTAACCCT,59.24,50.0,0.0,0.0,0.0
1181,AGTCAGGTATCAGTGTCTGC,59.24,50.0,0.0,0.0,0.0
1242,TTGACCATTCCGACTACTCC,59.24,50.0,0.0,0.0,0.0
1381,GGAGTTTGTCATCGGGTAGA,59.24,50.0,0.0,0.0,0.0
130,CCTTTAGAGCGAAGTGAGGA,59.25,50.0,0.0,0.0,0.0
146,GTGTATAGTGTGGTCGGGAA,59.25,50.0,0.0,0.0,0.0
634,AGCCGTAACTTCTGAGAGTC,59.25,50.0,0.0,0.0,0.0
1300,CCTTAACCACTGCTCGTAGA,59.25,50.0,0.0,0.0,0.0
1456,CTACATTCGAGTCCACTGGT,59.25,50.0,0.0,0.0,0.0
1474,GTTGGACTCTAGAACTCGCT,59.25,50.0,0.0,0.0,0.0
1344,GGACTAAGCCTTTGAACTGC,59.26,50.0,0.0,0.0,0.0
1370,TAGTGTGTAGGTCTCTTGCG,59.26,50.0,0.0,0.0,0.0
1462,CACCAACCATTCTACCAACG,59.26,50.0,0.0,0.0,0.0
333,GCTTGGGCGTGTGATATATG,59.27,50.0,0.0,0.0,0.0
1264,CCACGTCCAAACTGATCAAG,59.27,50.0,0.0,0.0,0.0
1463,ATGGTCTTACGATGAGGGTG,59.31,50.0,0.0,0.0,0.0
7,TGGCCACGTAGATAAGACAG,59.32,50.0,0.0,0.0,0.0
352,ATAGTACCGAACGTCCTTGG,59.32,50.0,0.0,0.0,0.0
472,TGTGATTCCGCCTAGAAGAG,59.32,50.0,0.0,0.0,0.0
491,CTCCATACTTGCTCCCGTTA,59.32,50.0,0.0,0.0,0.0
755,ACTTTATCCCCTCACGCTAC,59.32,50.0,0.0,0.0,0.0
1201,ACCAATCGAACTAGGAGAGC,59.32,50.0,0.0,0.0,0.0
1268,TGGTGTATGTCCGAATCCTC,59.32,50.0,0.0,0.0,0.0
81,CAGCAAGCACTTCCACATAG,59.33,50.0,0.0,0.0,0.0
843,GCACGGATCAAAGTAAAGGG,59.33,50.0,0.0,0.0,0.0
952,GTTTGAAGGGTTATCAGGCG,59.33,50.0,0.0,0.0,0.0
1024,GATGTTCCCATTTTCGTCCC,59.33,50.0,0.0,0.0,0.0
1026,CCCTGCATTTTACCGTCTTC,59.33,50.0,0.0,0.0,0.0
135,GTACACGCCTGACATTCTTG,59.34,50.0,0.0,0.0,0.0
181,GATCTTTTGACAGCTCCGTG,59.34,50.0,0.0,0.0,0.0
391,CGTTACGAAGGGAACAATGG,59.34,50.0,0.0,0.0,0.0
563,GTACAAAGAATCCGTGCCTG,59.34,50.0,0.0,0.0,0.0
717,GCAATTCTCGTCTGGAAAGG,59.34,50.0,0.0,0.0,0.0
1538,CATCCTGACACTCGCTTTTC,59.34,50.0,0.0,0.0,0.0
487,CGAAAGAATCAGACCACACG,59.35,50.0,0.0,0.0,0.0
653,CGTGGTCCGTAATTCACAAG,59.35,50.0,0.0,0.0,0.0
980,GACTTGGACCCTTTACACCT,59.38,50.0,0.0,0.0,0.0
263,AGATTTAGTGCGAGGCTAGG,59.39,50.0,0.0,0.0,0.0
1137,CATGCTCACCCTACGATGTA,59.39,50.0,0.0,0.0,0.0
623,CTTTGACGCTAGATCTCGGA,59.4,50.0,0.0,0.0,0.0
771,TTACTGTGCTAGGATCGCTC,59.4,50.0,0.0,0.0,0.0
1025,AATTCCGTACTAGGTCTCGC,59.4,50.0,0.0,0.0,0.0
259,CAGACATTGCCGATCAGTTC,59.41,50.0,0.0,0.0,0.0
438,GTACAAGAGCCGCCATTTAC,59.41,50.0,0.0,0.0,0.0
499,CTCATGATCGGCTGTCAAAC,59.41,50.0,0.0,0.0,0.0
663,GATGTGCCAACCGAACTATG,59.41,50.0,0.0,0.0,0.0
764,CACGACCAATGAAATCCTCG,59.41,50.0,0.0,0.0,0.0
836,CGCTTTGCTAGTGTAGTTCG,59.42,50.0,0.0,0.0,0.0
1000,AACGGTGTAGAGTAGGAGGA,59.45,50.0,0.0,0.0,0.0
757,TTGTGCCCAGTCTACTTCTC,59.46,50.0,0.0,0.0,0.0
1354,CAGGACTTCTAGGTGTTGCT,59.46,50.0,0.0,0.0,0.0
838,ACTGGTTCCTCTTACACGTC,59.47,50.0,0.0,0.0,0.0
463,CGAACCGTATCAGAAATGCC,59.48,50.0,0.0,0.0,0.0
1535,GCATCCATTCGCTTGTAGAC,59.48,50.0,0.0,0.0,0.0
736,CGGACTATTCGAACATGCAC,59.49,50.0,0.0,0.0,0.0
86,GATCCCTCCAATTCCCTGTT,59.52,50.0,0.0,0.0,0.0
334,TAAGGAGGACTCGGACAGAT,59.52,50.0,0.0,0.0,0.0
985,CATCCAGGGTAGGCTTCTTT,59.52,50.0,0.0,0.0,0.0
1130,GGAATAGCTTTCTCCCCACA,59.52,50.0,0.0,0.0,0.0
1555,GAAAGGCATACAAGGGGAGA,59.52,50.0,0.0,0.0,0.0
176,GGGTAAGCATAGACACACCA,59.53,50.0,0.0,0.0,0.0
670,TTACCTCGTGTTCTGGATGG,59.53,50.0,0.0,0.0,0.0
832,GGAGTGGTTTAGATGCAGGA,59.53,50.0,0.0,0.0,0.0
1379,TCTGCATACTTCCCTGTCAC,59.53,50.0,0.0,0.0,0.0
0,GCACACCTTACCTCTACGAA,59.54,50.0,0.0,0.0,0.0
286,GTCGCACTGTACCTAGTCAA,59.54,50.0,0.0,0.0,0.0
386,CTGGGCTGTTGTAATTTGGG,59.54,50.0,0.0,0.0,0.0
458,ACTGTTCTCTCGTTGCCTAG,59.54,50.0,0.0,0.0,0.0
522,GAAGGCTGTCGTAGTGGTAA,59.54,50.0,0.0,0.0,0.0
1306,GTTGACTACTACAGCCCGAA,59.54,50.0,0.0,0.0,0.0
1373,CTCATAGCCGCCGTTATACT,59.54,50.0,0.0,0.0,0.0
1241,CACACGTAGCAGTTTCTTGG,59.55,50.0,0.0,0.0,0.0
1450,CGGACCAAACACAGAATCAC,59.55,50.0,0.0,0.0,0.0
1053,GTTCTTAACACGTCAGCACC,59.56,50.0,0.0,0.0,0.0
1473,GACTCACCGTACAACAAAGC,59.56,50.0,0.0,0.0,0.0
1476,GCTCCGCTTTCATTACGATC,59.56,50.0,0.0,0.0,0.0
422,GGCCCCAAATATACCCTCAA,59.59,50.0,0.0,0.0,0.0
134,TGATTCTTAAGTACGGCCCC,59.6,50.0,0.0,0.0,0.0
887,GGGCTGCTGTACTTATCTGT,59.6,50.0,0.0,0.0,0.0
967,TGGACAGTGCATGAGGATAC,59.6,50.0,0.0,0.0,0.0
96,CTACAACACGCTCACCCTAT,59.61,50.0,0.0,0.0,0.0
237,ACAGCTCTGCATCACTCTAC,59.61,50.0,0.0,0.0,0.0
335,GCGACTAGAGGCTAAAAGGT,59.61,50.0,0.0,0.0,0.0
583,TCAAGATAGGAAAGCGGGTC,59.61,50.0,0.0,0.0,0.0
614,CAGTCTACAATGGCTACCGT,59.61,50.0,0.0,0.0,0.0
800,CGAGTACATTGGAAGAGGCT,59.61,50.0,0.0,0.0,0.0
944,CGCTGATGAAGAAGAGTCCT,59.61,50.0,0.0,0.0,0.0
983,CTTACGTGATTGGTCTCCGA,59.61,50.0,0.0,0.0,0.0
1071,CTCCTTAGGCGAATGTGTCT,59.61,50.0,0.0,0.0,0.0
1157,TCGAGAATTACACAGAGGGC,59.61,50.0,0.0,0.0,0.0
1536,CATGCTTGGGACTGTTGATG,59.61,50.0,0.0,0.0,0.0
1546,GTTACCGTATGAGCACCTGA,59.61,50.0,0.0,0.0,0.0
1171,GTTAGACTCCCGTAGCGAAA,59.62,50.0,0.0,0.0,0.0
1375,TTAGAACGACTTAGACCCGC,59.62,50.0,0.0,0.0,0.0
326,ACCAAGACAAGGAGGAAAGG,59.67,50.0,0.0,0.0,0.0
696,CACATAAGTAGGGGCGGAAT,59.67,50.0,0.0,0.0,0.0
706,CCCACTCTGCATATCACCAT,59.67,50.0,0.0,0.0,0.0
746,AGATAATTACTGGCGGGGTG,59.67,50.0,0.0,0.0,0.0
1043,AGAAGGGTGTGTTTCTCCAG,59.67,50.0,0.0,0.0,0.0
531,TCAATCCGTGATGACCTAGC,59.68,50.0,0.0,0.0,0.0
593,AGTCGGCAGTGATAGTTAGC,59.68,50.0,0.0,0.0,0.0
632,GCTCGGGAAGATGGATGTAA,59.68,50.0,0.0,0.0,0.0
767,GATTCTTGCCTCATCCGGTA,59.68,50.0,0.0,0.0,0.0
879,CAGGTGTGAGATAATCCGCT,59.68,50.0,0.0,0.0,0.0
961,GACGTTATTGGGTCGGATCT,59.68,50.0,0.0,0.0,0.0
1339,CACCGACATTCCCATATCCA,59.68,50.0,0.0,0.0,0.0
1497,TATGGTCGGAATGTCAGCTC,59.68,50.0,0.0,0.0,0.0
17,CCAACATGCTTCGCTAACTC,59.69,50.0,0.0,0.0,0.0
679,CAGATCTTGGACAATGCTGC,59.69,50.0,0.0,0.0,0.0
1028,GAATTGCCGTGAATAACCCC,59.69,50.0,0.0,0.0,0.0
1108,TTCCACCCCTGATCCTAGAA,59.73,50.0,0.0,0.0,0.0
228,ATTTGTGTCTCTCCCCAAGG,59.74,50.0,0.0,0.0,0.0
298,CCTCATATGCGTGGGTACAT,59.75,50.0,0.0,0.0,0.0
469,CTCTTGTTGCCCTACCTTCA,59.75,50.0,0.0,0.0,0.0
477,ACCCCGGTGCTATGATTATG,59.75,50.0,0.0,0.0,0.0
572,GGAGGAGTCGTTTGTCAGAA,59.75,50.0,0.0,0.0,0.0
686,CAGCAACAGGGTAAGAGGAA,59.75,50.0,0.0,0.0,0.0
693,CGTGTTGAGTAAGGTGGACT,59.75,50.0,0.0,0.0,0.0
1136,CTATGCTGCCGTGGATCTAA,59.75,50.0,0.0,0.0,0.0
1232,CAAACCTCCCAGCTTCACTA,59.75,50.0,0.0,0.0,0.0
1246,TGGCCATCGGTATTCATCTC,59.75,50.0,0.0,0.0,0.0
1384,TTCCCTGTTGTCTGGCTAAG,59.75,50.0,0.0,0.0,0.0
1568,GCATTCATACGATCCCCTCA,59.75,50.0,0.0,0.0,0.0
1571,GCCCCGCAGATAGATTACTT,59.75,50.0,0.0,0.0,0.0
284,CGCATCTAACCAGCATTGAC,59.76,50.0,0.0,0.0,0.0
1109,CATCTACAAGCACCAATCGC,59.76,50.0,0.0,0.0,0.0
1512,GGTGTACGTATCGCATCTGA,59.76,50.0,0.0,0.0,0.0
495,ACCCCTATCTACACGACCTT,59.81,50.0,0.0,0.0,0.0
388,CATCCGCCGAACCCTATAAT,59.82,50.0,0.0,0.0,0.0
569,CCTAACGGAAACTCACCCAT,59.82,50.0,0.0,0.0,0.0
698,TTGAGGTTCTAGCCCAATGG,59.82,50.0,0.0,0.0,0.0
749,AACCTCACCCATCTAGCAAC,59.82,50.0,0.0,0.0,0.0
773,CTCACAACCCCTGCTCATAA,59.82,50.0,0.0,0.0,0.0
882,GCCAATATCCTATGCTCCGT,59.82,50.0,0.0,0.0,0.0
955,TTGGGGTCTGGTTATTCGAC,59.82,50.0,0.0,0.0,0.0
1121,GGTCAAATCCTTCACCTCGA,59.82,50.0,0.0,0.0,0.0
1369,TCTCCCACACATAGGCAAAG,59.82,50.0,0.0,0.0,0.0
1420,CACCACTCCCTCGTATTGTT,59.82,50.0,0.0,0.0,0.0
1562,TACGGGTTTAGGAGTCGGTA,59.82,50.0,0.0,0.0,0.0
200,AGGCAAGTACGGTGTTAGTC,59.83,50.0,0.0,0.0,0.0
197,GAGCGTCAATCATTAAGCGG,59.84,50.0,0.0,0.0,0.0
957,GATTTCGAACTGCCGCATAG,59.84,50.0,0.0,0.0,0.0
1327,CACATCCACGCATTATCACG,59.84,50.0,0.0,0.0,0.0
31,GCCCCTAATGGTTCTGCTTA,59.89,50.0,0.0,0.0,0.0
338,GGCCACAACTAATCCTCCAT,59.89,50.0,0.0,0.0,0.0
774,TCTAATACTCTCCCGGTGCT,59.89,50.0,0.0,0.0,0.0
849,GGTCTCTGCTGCCATTCTTA,59.89,50.0,0.0,0.0,0.0
904,ACTCTCTCCGTCTTCTCGAT,59.89,50.0,0.0,0.0,0.0
1118,CAGCTTCATATCCCACCCAA,59.89,50.0,0.0,0.0,0.0
1194,ATTCCACGAGTCATCAAGGG,59.89,50.0,0.0,0.0,0.0
1346,AAGATCCTAGCTCCCACGTA,59.89,50.0,0.0,0.0,0.0
379,AAAGTCCCTGCGATTACTCC,59.9,50.0,0.0,0.0,0.0
484,CAAGGTCCAAGAGATACGCA,59.9,50.0,0.0,0.0,0.0
603,ATGCCCGACTCTAACTGAAC,59.9,50.0,0.0,0.0,0.0
661,GAAGCTCCACATAGTCACGT,59.9,50.0,0.0,0.0,0.0
761,GTGTCTCGCTTGATCTTCCT,59.9,50.0,0.0,0.0,0.0
780,GTCATGCCCGGTTGTTAAAG,59.9,50.0,0.0,0.0,0.0
888,TTCCGCAAGTCTCCACATAG,59.9,50.0,0.0,0.0,0.0
929,TTACGGCCCACAGTTGATAG,59.9,50.0,0.0,0.0,0.0
953,CAATAACCCCGAGTAACCGT,59.9,50.0,0.0,0.0,0.0
971,TGCAGACGTTCACTAGGATG,59.9,50.0,0.0,0.0,0.0
1106,CTCCACGACAGTTCATAGCA,59.9,50.0,0.0,0.0,0.0
1261,TCTGATAAGTCCTGTTGCGG,59.9,50.0,0.0,0.0,0.0
1359,GGAAGATTTGACAAGCACCG,59.9,50.0,0.0,0.0,0.0
1438,AGGCATGAAGACTCGGTTAC,59.9,50.0,0.0,0.0,0.0
343,TCGTGCATAGATAGGGAGGT,59.96,50.0,0.0,0.0,0.0
216,GATTGTATGAGAGGCCCGTT,59.97,50.0,0.0,0.0,0.0
336,GATGGAACCAATCGCTACCT,59.97,50.0,0.0,0.0,0.0
383,CGGAACAAATCGGTTAAGGC,59.97,50.0,0.0,0.0,0.0
645,CTCGCTCTGCCTGTTTATCT,59.97,50.0,0.0,0.0,0.0
758,ATACCATCCCGTTCAGAAGC,59.97,50.0,0.0,0.0,0.0
1033,TCGAACTTCTAGGAATGGCG,59.97,50.0,0.0,0.0,0.0
1045,GTGTCAACCAACCACCTACT,59.97,50.0,0.0,0.0,0.0
1065,ATGTGATATTGGTGACGGGG,59.97,50.0,0.0,0.0,0.0
1095,AGGCAGCTTTAATAGACGGG,59.97,50.0,0.0,0.0,0.0
1286,TCCGAGTACTTCCGCTATCT,59.97,50.0,0.0,0.0,0.0
1321,CAGCCCGTCATACATACACA,59.97,50.0,0.0,0.0,0.0
1342,TAGTATGTGGCCGTGTTAGC,59.97,50.0,0.0,0.0,0.0
1394,CTGCGATCCACAAACCATTC,59.97,50.0,0.0,0.0,0.0
1574,CCGTTAGTACATGCAGTCGA,59.97,50.0,0.0,0.0,0.0
67,ACAGTCTCGTACCACCAAAC,60.04,50.0,0.0,0.0,0.0
118,GGCTAGTTTTCCACAGACCA,60.04,50.0,0.0,0.0,0.0
162,AATAGCCCTTAGATTGCCGG,60.04,50.0,0.0,0.0,0.0
201,CTCTTCGCGCCTATGTAAGT,60.04,50.0,0.0,0.0,0.0
329,TAGGTGTGAGGTCAAAGTGC,60.04,50.0,0.0,0.0,0.0
413,TAGAAATGGCGATGTACCCG,60.04,50.0,0.0,0.0,0.0
594,GTCCCTAAAGTGAAGCCCAA,60.04,50.0,0.0,0.0,0.0
692,GAAAGTGTGGCCCTAGAACA,60.04,50.0,0.0,0.0,0.0
801,ACTTGTTGGTCCTTCGAGTC,60.04,50.0,0.0,0.0,0.0
1326,TCGTCCTCCTCTAACAACCT,60.04,50.0,0.0,0.0,0.0
1345,TATAATGGTGATGCGGGGTG,60.04,50.0,0.0,0.0,0.0
1418,TCTCCTGGTCTTCGTTCTCT,60.04,50.0,0.0,0.0,0.0
547,GCCGTATTAACTTTGCCGTC,60.05,50.0,0.0,0.0,0.0
185,TGCAATATATCCCTGTCGGC,60.11,50.0,0.0,0.0,0.0
307,TAAAGGTGCTGTGTCCATCC,60.11,50.0,0.0,0.0,0.0
689,TGTTCTCCCGTAGCAGTCTA,60.11,50.0,0.0,0.0,0.0
733,AAGAGTGGTAGTAGGTCGCT,60.11,50.0,0.0,0.0,0.0
828,CAGCCCTGAACCATTAACCT,60.11,50.0,0.0,0.0,0.0
846,TGGGGTAGAGACGAAAGCTA,60.11,50.0,0.0,0.0,0.0
869,GGCACACCGACTAGAAAAGA,60.11,50.0,0.0,0.0,0.0
886,AACCAAGATACGTCCACCAC,60.11,50.0,0.0,0.0,0.0
949,GGCCACCCTTTTACGAAAAC,60.11,50.0,0.0,0.0,0.0
1150,CCATGTCCTTTGTCTTCCGA,60.11,50.0,0.0,0.0,0.0
1296,ACATGGGGTTGCTCTAAGTG,60.11,50.0,0.0,0.0,0.0
1372,TGTCGTCGAAGTAGTGTTGG,60.11,50.0,0.0,0.0,0.0
8,CCTGTCCCGTAGAATGCTTT,60.18,50.0,0.0,0.0,0.0
92,GTCATTTCTACGTCGGGTGT,60.18,50.0,0.0,0.0,0.0
122,GGAGCAGGGTACGAAAATCA,60.18,50.0,0.0,0.0,0.0
151,CTGACGCCAAAACACATCTG,60.18,50.0,0.0,0.0,0.0
395,CTACTGGTTGGCTCGGAAAT,60.18,50.0,0.0,0.0,0.0
445,CACCCAACTAAAATGCAGCC,60.18,50.0,0.0,0.0,0.0
697,TCCGTTTCAATCCCGAGAAG,60.18,50.0,0.0,0.0,0.0
789,GCTCTTCGTTACTGACTGCT,60.18,50.0,0.0,0.0,0.0
809,CACGTTTTCAGTCATGCCAG,60.18,50.0,0.0,0.0,0.0
930,TAAGAGAAAAGCAGCTCCGG,60.18,50.0,0.0,0.0,0.0
1092,GCGTCCAAATACCCCTACAA,60.18,50.0,0.0,0.0,0.0
1173,AGGTAAGCGAGTCCCAATTG,60.18,50.0,0.0,0.0,0.0
1217,ACTTGGCTATGTAACACGGG,60.18,50.0,0.0,0.0,0.0
1398,CGGTACAAGTTAACGCCTCT,60.18,50.0,0.0,0.0,0.0
1421,CTGTCGCCAATCAAGGTAGT,60.18,50.0,0.0,0.0,0.0
169,CAGTGCCCGTGACTTGATAT,60.26,50.0,0.0,0.0,0.0
219,AATAGTAGCCGACCTTGTGC,60.26,50.0,0.0,0.0,0.0
232,TGAACTCAGGGGAACAACAC,60.26,50.0,0.0,0.0,0.0
242,GATCAATAGCGGGGTTCCAA,60.26,50.0,0.0,0.0,0.0
256,AATTCCTGTCGCTCTTAGGC,60.26,50.0,0.0,0.0,0.0
260,TCCGATTCTGTGCTTACGTC,60.26,50.0,0.0,0.0,0.0
411,CGATGACTCAGAGCACCATT,60.26,50.0,0.0,0.0,0.0
471,CCTGCTCGTATGCTTTCTCA,60.26,50.0,0.0,0.0,0.0
662,GCTAACTTCCAATGTGCTGC,60.26,50.0,0.0,0.0,0.0
874,GTCCCATGTTCAGGCGATAA,60.26,50.0,0.0,0.0,0.0
925,TGCGAGTAGAGACGGACATA,60.26,50.0,0.0,0.0,0.0
997,CTCACCATGAATTTTGCCCG,60.26,50.0,0.0,0.0,0.0
1114,CGCCAAATGAGATACCAGGT,60.26,50.0,0.0,0.0,0.0
1322,TCCAGGGGAATCGTTAATGC,60.26,50.0,0.0,0.0,0.0
1331,ATCGTGTTATTCGGGGTGTC,60.26,50.0,0.0,0.0,0.0
1396,GGCCATGCTGTTCTAATCCT,60.26,50.0,0.0,0.0,0.0
1504,AGGCAATTAGAGAGTTCGGC,60.26,50.0,0.0,0.0,0.0
46,CGCACTGCCGATAAACTTTC,60.32,50.0,0.0,0.0,0.0
928,GCTGTTTATGCGTCGTCTTG,60.32,50.0,0.0,0.0,0.0
64,ACTATGCGTCAATCTCACCG,60.33,50.0,0.0,0.0,0.0
183,GTCCTGAAGTGAACGTGACA,60.33,50.0,0.0,0.0,0.0
481,TGGATGGGACTGAAGGAGAA,60.33,50.0,0.0,0.0,0.0
1077,AGCCCAGAAACTCCAGTCTA,60.33,50.0,0.0,0.0,0.0
1496,TCTCCGAGTCTCTTGTGTCA,60.33,50.0,0.0,0.0,0.0
1534,GGTCGCCTCGGAATTTCATA,60.33,50.0,0.0,0.0,0.0
731,TCCTCCTTTCCCTCCATTCA,60.34,50.0,0.0,0.0,0.0
497,GCATGTTTGGAATCGTAGCG,60.39,50.0,0.0,0.0,0.0
322,CTACTTCCGTTGGCAGTGAA,60.4,50.0,0.0,0.0,0.0
362,TGTACTTTGGGAATGGCAGG,60.4,50.0,0.0,0.0,0.0
381,TACGTCCCTGAAGTTGCAAG,60.4,50.0,0.0,0.0,0.0
551,ACTTTAACCAGACGCTTCCC,60.4,50.0,0.0,0.0,0.0
589,ACATGCCTTAACTGGGTTCC,60.4,50.0,0.0,0.0,0.0
792,AGTGCCACTCTACCGTCTTA,60.4,50.0,0.0,0.0,0.0
883,TTGACTAGGCTTCAGTTGGC,60.4,50.0,0.0,0.0,0.0
1030,AAGACGGGACATTGGACAAG,60.4,50.0,0.0,0.0,0.0
1430,CGCGTCTCATTATTCCTCGT,60.4,50.0,0.0,0.0,0.0
562,TGAAATCCCATCTCCCAGGA,60.41,50.0,0.0,0.0,0.0
863,AACGTAGCTGGTTACCCCTA,60.41,50.0,0.0,0.0,0.0
1404,TCTGTAGGAATGACGGGACA,60.41,50.0,0.0,0.0,0.0
1510,TCGGAACCCAGATACAGACA,60.41,50.0,0.0,0.0,0.0
385,GAAGAAAGGTTTGCACGACG,60.46,50.0,0.0,0.0,0.0
1437,CGAAACAGCGAACAAGTCAC,60.46,50.0,0.0,0.0,0.0
152,GCACAGCCTTCTCATGGTAA,60.47,50.0,0.0,0.0,0.0
387,GCAAGGATTCGGTAACCACT,60.47,50.0,0.0,0.0,0.0
451,TGCGAGTTCCTAAAGTTCCG,60.47,50.0,0.0,0.0,0.0
674,ACTTGCTCACCCGATTACAC,60.47,50.0,0.0,0.0,0.0
744,AGACCTGAAATGCGAGTCAC,60.47,50.0,0.0,0.0,0.0
804,TTATGGACCTGAAGCCGTTG,60.47,50.0,0.0,0.0,0.0
1263,TCCGCAGAATTACACAAGGG,60.47,50.0,0.0,0.0,0.0
1454,ACAATTTGCGACCCTCTACC,60.47,50.0,0.0,0.0,0.0
1570,GTACACTGCTCGACGTTTCT,60.47,50.0,0.0,0.0,0.0
32,AGTGTAGGGATAACGGCTCA,60.48,50.0,0.0,0.0,0.0
38,TATGGTAGGAGGCGGTTCTT,60.48,50.0,0.0,0.0,0.0
1516,AAGATCAGCCTAAGACGGGA,60.48,50.0,0.0,0.0,0.0
296,CGTTGCCATCGAAGTCAGTA,60.54,50.0,0.0,0.0,0.0
601,ACAGAAGCGATCACCCATTC,60.54,50.0,0.0,0.0,0.0
714,GCTCGTGAAAATCCAGGCTA,60.54,50.0,0.0,0.0,0.0
793,GGTTACCTTGGAAATTGCGC,60.54,50.0,0.0,0.0,0.0
896,GTCATTGCTCCTAGTTCGCA,60.54,50.0,0.0,0.0,0.0
968,TGCTCCAGAACGCATAGAAC,60.54,50.0,0.0,0.0,0.0
1047,AGACTCATGCCTAAACTGCG,60.54,50.0,0.0,0.0,0.0
1105,ACAGAACTCAAGCTATGCCG,60.54,50.0,0.0,0.0,0.0
1164,CTTTTCATCAGCCCGCTAGT,60.54,50.0,0.0,0.0,0.0
1251,TGCTTAACCCTAATGCCGAC,60.54,50.0,0.0,0.0,0.0
1520,TCACAGTAAGATCACAGCGC,60.54,50.0,0.0,0.0,0.0
247,TAAGCCTGCATGATGGTCAC,60.55,50.0,0.0,0.0,0.0
360,ACCCCATTCTATTGACGCAC,60.55,50.0,0.0,0.0,0.0
511,AATAAACGGACCCTGCATCC,60.55,50.0,0.0,0.0,0.0
784,ACCTTCATAGCGATCCCTCA,60.55,50.0,0.0,0.0,0.0
905,TGGTGGGGTTTAAGTGGTTG,60.55,50.0,0.0,0.0,0.0
1100,GTGGTTTGGGCATACGAGAT,60.55,50.0,0.0,0.0,0.0
898,AGGGGATGCAATACGGTAGA,60.56,50.0,0.0,0.0,0.0
629,GCTTGCGACGTGTATCAGTA,60.6,50.0,0.0,0.0,0.0
62,GACGTTGGGTGTTGAAGAGT,60.61,50.0,0.0,0.0,0.0
1154,CACCCATGAATCCGTCGAAT,60.61,50.0,0.0,0.0,0.0
1272,GCTAATTCCTGCACCATCGA,60.61,50.0,0.0,0.0,0.0
1422,GGCGTCAGGATTTCTCGAAT,60.61,50.0,0.0,0.0,0.0
37,CTTATGCCATCCTTCGCCTT,60.62,50.0,0.0,0.0,0.0
556,TCAACTTCACTTTCCCACGG,60.62,50.0,0.0,0.0,0.0
573,CGCCCCGAATGAGGAAAATA,60.62,50.0,0.0,0.0,0.0
1482,TATGGGTGATAAACAGGCGC,60.62,50.0,0.0,0.0,0.0
788,TTCCCTGCTAGTCCCAAAGA,60.63,50.0,0.0,0.0,0.0
1049,TAGTGTGAGGTCCAGCTTCA,60.63,50.0,0.0,0.0,0.0
1313,ACCTGGGGAACTTGGGAATA,60.64,50.0,0.0,0.0,0.0
576,CCGACGCATCAGAAATACGA,60.67,50.0,0.0,0.0,0.0
568,TGTGCTTGGTCGGTAAGTTC,60.68,50.0,0.0,0.0,0.0
579,TCAGACTACACAAACCGCAC,60.68,50.0,0.0,0.0,0.0
1069,CAACTTCGTTCACAGGCTCT,60.68,50.0,0.0,0.0,0.0
1302,TGAAAACTTCCACCTCGTCG,60.68,50.0,0.0,0.0,0.0
1553,GTCGTGTGTTTAGAGCCCAA,60.68,50.0,0.0,0.0,0.0
280,AGGTAAAGGTTTGGAGCGTG,60.69,50.0,0.0,0.0,0.0
993,CCTTGCGAAACCTGAGACTT,60.69,50.0,0.0,0.0,0.0
1435,CTACACCGTTTCTTGGGCTT,60.69,50.0,0.0,0.0,0.0
158,AGTCGGTCATGAGGGTTGTA,60.7,50.0,0.0,0.0,0.0
1255,AGGGATGTTACCGTCAGTGA,60.7,50.0,0.0,0.0,0.0
1383,TGATTCTCACGACTGCAACC,60.75,50.0,0.0,0.0,0.0
45,ACCAACAGCATAGTTCACCG,60.76,50.0,0.0,0.0,0.0
224,AGGTTTGATGCGGAAGTCAG,60.76,50.0,0.0,0.0,0.0
448,CTCCTGCGTCCATTTTGTCT,60.76,50.0,0.0,0.0,0.0
656,GCCGAACACAATGAGGAAGA,60.76,50.0,0.0,0.0,0.0
889,CAATGCGTGGAGGAAGAGTT,60.76,50.0,0.0,0.0,0.0
922,ACCACAGCCAATAAGAACGG,60.76,50.0,0.0,0.0,0.0
940,AGGTCCGCGCCATATTATTG,60.76,50.0,0.0,0.0,0.0
1017,AGCTTCCCGTCAGTTGATTG,60.76,50.0,0.0,0.0,0.0
1303,GTGCAAGTGACCCGATTGTA,60.76,50.0,0.0,0.0,0.0
1348,CCACACGATTTACAGCCAGT,60.76,50.0,0.0,0.0,0.0
1434,AGTGCATCTTTGAGTCAGGC,60.76,50.0,0.0,0.0,0.0
314,TGCTGACCGAGTTCATAGGA,60.77,50.0,0.0,0.0,0.0
558,TCAGATGGAATGGGTTTGGC,60.77,50.0,0.0,0.0,0.0
994,AGGATAACTGTGTAGCGGGT,60.77,50.0,0.0,0.0,0.0
1214,ACCCAACGAGACTAGCAGAT,60.77,50.0,0.0,0.0,0.0
166,ACGAAAGGCAGGGGTAGTAT,60.78,50.0,0.0,0.0,0.0
1184,ACACATCCACTCAGCCCTAT,60.78,50.0,0.0,0.0,0.0
827,GTATTACGAACCGGCCAACA,60.82,50.0,0.0,0.0,0.0
509,ATGGACTAAGGAAACGCTGC,60.83,50.0,0.0,0.0,0.0
520,AATGATGTCGGGTTGAGCTG,60.83,50.0,0.0,0.0,0.0
1001,CATCGTGGGAGCTTTGACAT,60.83,50.0,0.0,0.0,0.0
865,AGACAGCTACGCATAGACCA,60.84,50.0,0.0,0.0,0.0
483,CTAACGATGCAAAGCTCCGA,60.89,50.0,0.0,0.0,0.0
1464,TGCTACGCCTCGATCTTTTG,60.89,50.0,0.0,0.0,0.0
191,TTGCCAATACTCCTGATGCG,60.9,50.0,0.0,0.0,0.0
319,TCCCGAAACGATACGAGCTA,60.9,50.0,0.0,0.0,0.0
369,TGTGATTCCGGTCATGCATC,60.9,50.0,0.0,0.0,0.0
442,GGCACATCCGCTCAAATACT,60.9,50.0,0.0,0.0,0.0
848,TCATAGCAAGGAAAGAGCGC,60.9,50.0,0.0,0.0,0.0
1162,CATGACGCCAGCATTCTACA,60.9,50.0,0.0,0.0,0.0
559,GCTATTCCTTTGCCCCGAAT,60.91,50.0,0.0,0.0,0.0
128,TCAAGTTCGTCCCTCCTTCA,60.92,50.0,0.0,0.0,0.0
210,AGTGTGCTCTTGTCCTACCA,60.92,50.0,0.0,0.0,0.0
829,AGCCCAGACAGAGACTTCAA,60.92,50.0,0.0,0.0,0.0
587,CGTCATAAAGTGCGTCCGAT,60.95,50.0,0.0,0.0,0.0
1223,AATCACCATTAGTCGTCGCG,60.95,50.0,0.0,0.0,0.0
1361,CAACGATCAATGCGAGGCTA,60.96,50.0,0.0,0.0,0.0
1149,GGTGTGACAACCGTTAAGCT,60.97,50.0,0.0,0.0,0.0
1486,CCTTGACAACTGCACTCGAA,60.97,50.0,0.0,0.0,0.0
798,ACGATGGCTCTGCTACGATA,60.98,50.0,0.0,0.0,0.0
810,TAAACCTGGAAGTTGCCTGC,60.98,50.0,0.0,0.0,0.0
599,TGGGATTGGTCTAACGGTGA,60.99,50.0,0.0,0.0,0.0
1247,TTGGGAGTGGAGACGATCAA,60.99,50.0,0.0,0.0,0.0
1280,AACCTACAAACTCGTCGCAC,61.03,50.0,0.0,0.0,0.0
33,GTGATGAGGTTGCTTCGTGT,61.04,50.0,0.0,0.0,0.0
672,CAAAGGAGAAAGCAGCGAGT,61.04,50.0,0.0,0.0,0.0
1179,GGTCAAAAGCGATGTTCCCT,61.05,50.0,0.0,0.0,0.0
245,TGTCCTTCCTACTGATGCGT,61.06,50.0,0.0,0.0,0.0
295,CCAATCAAAGGAAGCTGGCT,61.06,50.0,0.0,0.0,0.0
1319,AACGCTCAGTGTCCCTATGA,61.06,50.0,0.0,0.0,0.0
1374,GGTGGTTTGATCTGTGGCAT,61.06,50.0,0.0,0.0,0.0
1507,AGATGCTCCTCGGTACAACA,61.06,50.0,0.0,0.0,0.0
366,AATTGCCCAGTCTCCGAGTA,61.07,50.0,0.0,0.0,0.0
790,TGAGGAGTGCTGGCTTATCA,61.07,50.0,0.0,0.0,0.0
1193,CGTCACTCGCCGTCTTTTAA,61.09,50.0,0.0,0.0,0.0
405,ACGTAGACATCTCGCACTGA,61.11,50.0,0.0,0.0,0.0
548,GTTTGATCAGGCATGGACGT,61.11,50.0,0.0,0.0,0.0
1377,AAAGTACGCCGTGGGATTTC,61.11,50.0,0.0,0.0,0.0
211,AACAGGGCGAATTGGTCATC,61.12,50.0,0.0,0.0,0.0
1,ATATCACGCCTCTCCCACAA,61.14,50.0,0.0,0.0,0.0
712,TCCCACGCATGTACCATAGT,61.14,50.0,0.0,0.0,0.0
808,ATTACGAGGCATGAGGTCCA,61.14,50.0,0.0,0.0,0.0
1448,TCTATGTCATTGGGCCGAGT,61.14,50.0,0.0,0.0,0.0
1469,ATATGCCGTACCCTGACCAA,61.14,50.0,0.0,0.0,0.0
1552,TGGTCTCAGCATCCCATGAT,61.15,50.0,0.0,0.0,0.0
6,CGCTCGCCAAATTGTCTACT,61.17,50.0,0.0,0.0,0.0
354,AAGCTACGCAATGACAGTCG,61.17,50.0,0.0,0.0,0.0
107,GCCGCCTTACCGATACAAAA,61.18,50.0,0.0,0.0,0.0
316,ACCACCGATTAATGTCACGC,61.18,50.0,0.0,0.0,0.0
529,CCGCTTTCATCACCGATCAA,61.18,50.0,0.0,0.0,0.0
1055,GCCCCAAACATTAGCATCGA,61.19,50.0,0.0,0.0,0.0
1392,GACGGGTTCTTGTGTTGGTT,61.19,50.0,0.0,0.0,0.0
1541,TATTCGCTACGCTCACCTGA,61.19,50.0,0.0,0.0,0.0
428,ATCGCCGTGGTATCAGGTAA,61.2,50.0,0.0,0.0,0.0
891,TCGAACGACCCAGCTATCAT,61.2,50.0,0.0,0.0,0.0
129,TATCCATCGGCACCTCACAT,61.21,50.0,0.0,0.0,0.0
842,CTCAAGGGGTTTTGGTTGCT,61.21,50.0,0.0,0.0,0.0
1238,TTGGTGCCTCTACAGTGACA,61.21,50.0,0.0,0.0,0.0
557,ACCCCACATTGTCAGTCTGA,61.22,50.0,0.0,0.0,0.0
1123,GTTGCTGGTGTACGTGAACA,61.24,50.0,0.0,0.0,0.0
356,TACTGCCGCATCGAAAATCC,61.25,50.0,0.0,0.0,0.0
592,ACAAGCCTGACGAACACAAG,61.25,50.0,0.0,0.0,0.0
867,GCTGTCGTTGTTTCTGTGGA,61.25,50.0,0.0,0.0,0.0
998,GACGCACAAAAGTGGACTGA,61.25,50.0,0.0,0.0,0.0
1117,CTAAAATGGGAGCGTGCGAT,61.25,50.0,0.0,0.0,0.0
1220,TTTGCCGTGTCTTTCTTCCC,61.26,50.0,0.0,0.0,0.0
785,TAGTCGAAACGGGGTCTGTT,61.27,50.0,0.0,0.0,0.0
1088,TTGTAGAGTCAGTCGCCCAA,61.27,50.0,0.0,0.0,0.0
1131,AGCCACGATACCTATTCGCT,61.27,50.0,0.0,0.0,0.0
1200,AAGTTGGTCAAGCATGGGTG,61.27,50.0,0.0,0.0,0.0
1426,TCAAGGTAAGCGGGAACAGA,61.28,50.0,0.0,0.0,0.0
1545,ATCGGTCGAGGGCATAATGA,61.28,50.0,0.0,0.0,0.0
631,AGGCAAGTGACCATGTACCT,61.29,50.0,0.0,0.0,0.0
1012,AATTGTCCAACCTCCCGAGA,61.29,50.0,0.0,0.0,0.0
320,ATTCAACCCTCTGTGCTCCT,61.3,50.0,0.0,0.0,0.0
1015,ACCGTTTCACCATCCCCTAA,61.3,50.0,0.0,0.0,0.0
924,GTTAGCTTTGTCTGCCTGCA,61.33,50.0,0.0,0.0,0.0
1405,AACTGATTCCTGCCGTTGTG,61.33,50.0,0.0,0.0,0.0
1495,GGCTTGGTTTCCGATTCACA,61.33,50.0,0.0,0.0,0.0
1186,AAGTCAAGTGCTCCGCTAGA,61.34,50.0,0.0,0.0,0.0
1228,ACGACACAGCACTACCATCT,61.34,50.0,0.0,0.0,0.0
588,TCAAGATGGGAGCCGTGTAA,61.35,50.0,0.0,0.0,0.0
1128,AGGATTCGTTAACCCGGTGA,61.35,50.0,0.0,0.0,0.0
729,AAAGGTGCGGGGATAGTTCT,61.37,50.0,0.0,0.0,0.0
2,TGCGACACTCAAACGGAATC,61.38,50.0,0.0,0.0,0.0
1226,AGGGTTTGATCAGGGCAGAT,61.38,50.0,0.0,0.0,0.0
399,GCCTTGCCCCGACTAATTTT,61.41,50.0,0.0,0.0,0.0
1016,TTACCGTTCCTGCTCATCGA,61.41,50.0,0.0,0.0,0.0
1075,CCACAAATGAACCCTGCGAT,61.41,50.0,0.0,0.0,0.0
1441,TCCATCTGTTCGTAGCGGAA,61.41,50.0,0.0,0.0,0.0
687,AACGCAGGCTATCACTCTGA,61.42,50.0,0.0,0.0,0.0
526,AACCCATGTAGCTCCCGATT,61.44,50.0,0.0,0.0,0.0
1127,CACACGCCGAGTTAAACGAT,61.44,50.0,0.0,0.0,0.0
954,TTCCGCTGCCTTAAACATCG,61.46,50.0,0.0,0.0,0.0
359,ACAGTGGGTGCAGTTGTTTC,61.48,50.0,0.0,0.0,0.0
978,TCTGTCCCACTTCCACGAAA,61.5,50.0,0.0,0.0,0.0
515,TCTCACCTGCCAAGACAACT,61.51,50.0,0.0,0.0,0.0
1332,AATCGAGATTGAACGGTGCG,61.51,50.0,0.0,0.0,0.0
1400,ACCAGTGTAAAACCTCCCGT,61.51,50.0,0.0,0.0,0.0
238,GCGCCATTACCAATCTCGTT,61.53,50.0,0.0,0.0,0.0
252,TTGTTTCCTGTGTGCTTCGG,61.54,50.0,0.0,0.0,0.0
533,TTGCGTTTTCACAGTCCCAG,61.54,50.0,0.0,0.0,0.0
154,AAGTAAGCGGACAGGGTTGA,61.57,50.0,0.0,0.0,0.0
815,TCTTGCTTTCCAGGCTCAGA,61.58,50.0,0.0,0.0,0.0
70,TCAGTTTACGCCACAAAGCC,61.61,50.0,0.0,0.0,0.0
831,GTAAGGCGAACAACTGGCAA,61.61,50.0,0.0,0.0,0.0
79,TACCGCCTTTTCAGACGACT,61.62,50.0,0.0,0.0,0.0
84,AATCGACTTGTGTTTGCCCC,61.62,50.0,0.0,0.0,0.0
218,AAACGACGGCCTCTTACTCA,61.62,50.0,0.0,0.0,0.0
1318,TTCAGTCCATCCCGCTTTCT,61.65,50.0,0.0,0.0,0.0
1175,TGTGGCGAGACAAAACGATG,61.66,50.0,0.0,0.0,0.0
1211,AGACAACGGCCTGGGATTTA,61.66,50.0,0.0,0.0,0.0
291,CATTCAACGCACTCTGGCTT,61.67,50.0,0.0,0.0,0.0
600,CAACGCTGCAAGGATGTTCT,61.67,50.0,0.0,0.0,0.0
5,CAGCTGCCCAATTTAGTGCA,61.69,50.0,0.0,0.0,0.0
1196,TCCGTCGTTGCTTCATCTCT,61.69,50.0,0.0,0.0,0.0
221,TCGTATTTCTGTCACCCGCT,61.7,50.0,0.0,0.0,0.0
454,AGCGTTACACCTAAGCCCAT,61.72,50.0,0.0,0.0,0.0
1161,TTGCATGTATGGGGACGACT,61.72,50.0,0.0,0.0,0.0
1424,AGAATTCGGCTCATGGACCA,61.72,50.0,0.0,0.0,0.0
347,ACAGGCGAAACTATGCAAGC,61.74,50.0,0.0,0.0,0.0
1094,ATAGCCACTTACGCAGCAGA,61.77,50.0,0.0,0.0,0.0
236,TTCCCCTAATTCGTCCGCAT,61.79,50.0,0.0,0.0,0.0
1481,CGCTCCGATGCAACTTTCAT,61.8,50.0,0.0,0.0,0.0
98,ACCGTCCCTTCACAATGACA,61.86,50.0,0.0,0.0,0.0
283,TCTTCTTCGTCCTTTGCCGA,61.91,50.0,0.0,0.0,0.0
637,TCGACCACCTTAAAGCACGA,61.91,50.0,0.0,0.0,0.0
340,ATCACCCACAGACATGCACT,61.95,50.0,0.0,0.0,0.0
1391,CGAATCAACCCGCTGTGTTT,61.95,50.0,0.0,0.0,0.0
627,AGCAACGTCTGAATCGACCT,61.98,50.0,0.0,0.0,0.0
1057,CATGCCATTCAAGTTGCCCA,61.99,50.0,0.0,0.0,0.0
494,TAAAGGTCCCACGGAGAAAC,59.75,50.0,0.0,0.0,31.71
106,CTTAGAGTCAGGTCGCCTAT,58.44,50.0,0.0,0.0,31.85
652,CGTAGTTTGACTGAGGAGTG,58.07,50.0,0.0,0.0,32.33
427,TGTAGGTGCCCAACTAGACA,60.63,50.0,0.0,0.0,32.63
1451,ACAAGGTGATGTGTGGTCCA,61.8,50.0,0.0,0.0,32.64
747,TCGTCTTATGAGAGCCTGCT,60.84,50.0,0.0,0.0,32.98
397,CGCTAACAGAGTGGGTGAAT,60.18,50.0,0.0,0.0,33.09
857,CACACGGACAATTCTGGCAA,61.61,50.0,0.0,0.0,33.25
1195,CACTTGACAGTTCTCAGTGC,59.2,50.0,0.0,0.0,33.3
1170,CACGTTTTGGTTCCGTCTTG,60.39,50.0,0.0,0.0,33.31
534,CAACCGGCTGTGAAAGACAA,61.54,50.0,0.0,0.0,33.33
837,CAAGGCGACCATTTGCTTGA,61.96,50.0,0.0,0.0,33.48
1511,GTGCGAGAGATACTTTGCCA,60.54,50.0,0.0,0.0,33.51
702,GTCCAGTTGCATTCAAGACG,59.9,50.0,0.0,0.0,33.69
147,TACCTCCCAGTTCGGTCATA,59.81,50.0,0.0,0.0,33.78
1168,TGTCGCATCAGAGATCCTCA,60.84,50.0,0.0,0.0,33.81
461,ATCCTGAATGACGGAAGCCT,61.44,50.0,0.0,0.0,33.82
1539,CGTGTAGAAAAGCACCCCTA,59.82,50.0,0.0,0.0,33.83
1274,GTCATGAGCAATATCAGGGC,58.9,50.0,0.0,0.0,34.03
467,CGTCCATTTCGGCTAGTGAA,60.54,50.0,0.0,0.0,34.29
1031,CTCCGATAACATCCGAGTCT,58.82,50.0,0.0,0.0,34.3
1079,TCTGCTTCATCCGTATGCTC,60.04,50.0,0.0,0.0,34.31
996,CTCGTTGGTGCAAGAGACAT,60.75,50.0,0.0,0.0,34.32
196,CCTGCTTCAGATACACAGTG,58.4,50.0,0.0,0.0,34.38
120,GGAAGGTCCTCACGAAAGAT,59.53,50.0,0.0,0.0,34.39
970,GGTGAAAGTTGTACCCCAAG,58.82,50.0,0.0,0.0,34.46
1371,GAGCGATGTAGACCATGAGA,59.11,50.0,0.0,0.0,34.59
1029,ACATGATATGGAGGGGCAGA,60.56,50.0,0.0,0.0,34.59
884,CGGACTCTGAACAGACTAGA,58.31,50.0,0.0,0.0,34.71
633,CCGTGTTCCGTGTTCAAACT,61.53,50.0,0.0,0.0,34.74
1270,TAGAACTCTCACAGTCGCAC,59.55,50.0,0.0,0.0,34.76
947,GTTATAGGCAGTCCAACGCA,60.54,50.0,0.0,0.0,34.79
170,CGTCGAACACTATGAATCGC,59.57,50.0,0.0,0.0,34.81
1165,ATGGTTCTTTTGCGTACCGG,61.39,50.0,0.0,0.0,34.82
1188,CGGTGAAAATTCTGACGCCA,61.67,50.0,0.0,0.0,34.91
364,ACCATTACGCTAGATACGGC,59.83,50.0,0.0,0.0,34.98
1449,GTAGGGAGCCATTTCTCTGT,59.23,50.0,0.0,0.0,35.0
861,AGTGATCTGGAAGTTGTCGC,60.47,50.0,0.0,0.0,35.0
486,GAGCTCGATGGCACTAATAC,58.35,50.0,0.0,0.0,35.04
47,ACCCCTAGCTGATACAGTGA,59.81,50.0,0.0,0.0,35.05
1310,CGAGGAGGTTCTCACAATGA,59.54,50.0,0.0,0.0,35.06
82,TACGAGGCGGGTTTCCTAAA,61.35,50.0,0.0,0.0,35.07
1458,CTTCGGTTGCCTTCAAAGCT,61.61,50.0,0.0,0.0,35.08
1078,CAAACATGCACACATCTCCC,59.9,50.0,0.0,0.0,35.09
425,CACCTCACACATGATACTGC,58.76,50.0,0.0,0.0,35.15
677,ACAGTGCAGAGATACAGCGA,61.41,50.0,0.0,0.0,35.18
797,CGGTATTTCCTGTTTACCCC,58.38,50.0,0.0,0.0,35.21
560,TGTACATAGCCGCACTAGAG,59.11,50.0,0.0,0.0,35.23
565,GTTGTCCACGTAACGGAAGA,60.4,50.0,0.0,0.0,35.23
811,ACTCCCATTCTGAGAGCAAG,59.53,50.0,0.0,0.0,35.27
1142,AAGTACGACTTCTGAGGCTG,59.54,50.0,0.0,0.0,35.27
1494,TCGGGTCATCCAGATTCACT,60.77,50.0,0.0,0.0,35.33
178,TGAGAACGACCCTTACGAAC,59.83,50.0,0.0,0.0,35.38
351,ATAGGCCCACAATCCTTTCG,60.26,50.0,0.0,0.0,35.43
113,TCCTCATGACAGGGATGCAA,61.37,50.0,0.0,0.0,35.43
938,AGGTCGTTGACATCTTGAGC,60.47,50.0,0.0,0.0,35.44
93,GTAATTCCACAACGGGGCTT,61.05,50.0,0.0,0.0,35.47
1549,CGAAGTTGCTCGTCCTTGAA,61.03,50.0,0.0,0.0,35.53
217,TTCCGCATCACATAGAGGAC,59.68,50.0,0.0,0.0,35.59
802,TAGCCAGGGTAGCGTATAAG,58.51,50.0,0.0,0.0,35.62
1229,CTGCTCTTATGCCCTCATTG,58.82,50.0,0.0,0.0,35.64
976,AATTGACGGACCTACCCAAG,59.82,50.0,0.0,0.0,35.64
1556,GACTTTTCCCTACAGGCAGT,59.75,50.0,0.0,0.0,35.66
1529,TTACGGTTTGGGTAGGTCGT,61.28,50.0,0.0,0.0,35.69
318,ACACGGGTTAGACGACTGTA,60.69,50.0,0.0,0.0,35.71
704,CTGGACGTGTATTCGGGTAA,59.61,50.0,0.0,0.0,35.74
555,TGGTTACTCCCTTCGCCATA,60.77,50.0,0.0,0.0,35.74
434,GTGGCGAACTTTGACCATTC,60.18,50.0,0.0,0.0,35.76
9,AACGACTGAGATTGTCACCG,60.47,50.0,0.0,0.0,35.8
574,GACCTGGAATTTTACCTCCG,58.39,50.0,0.0,0.0,35.81
817,CAGGGACCATCTGACCTTTA,58.86,50.0,0.0,0.0,35.86
845,GAGTAACTCAGCGTAGGTCT,58.68,50.0,0.0,0.0,35.91
550,CCTAAGCGTGGAAGAATGCA,60.83,50.0,0.0,0.0,35.92
1466,GTGGAATCACGAATGCCTAC,59.12,50.0,0.0,0.0,36.01
1183,CTGCAAGACAAACCAGAGAC,59.19,50.0,0.0,0.0,36.03
991,CATCAGGTCCAGAGCCTAAT,59.01,50.0,0.0,0.0,36.11
508,CAGCCGAAACTATCTCTCGA,59.4,50.0,0.0,0.0,36.12
3,CCGATCAGTGTGTACTTGCA,60.47,50.0,0.0,0.0,36.16
123,CCTTAGGGAGTTTGACCAAC,58.23,50.0,0.0,0.0,36.19
215,CTGGTCCTATTCACCTTGCA,59.82,50.0,0.0,0.0,36.22
136,GTCGGTAGAAGCAACCTGAA,60.11,50.0,0.0,0.0,36.25
233,CGAAGTCGGATTCACTAAGC,58.86,50.0,0.0,0.0,36.26
1412,TCTATGCGACCGTGCTAACA,61.76,50.0,0.0,0.0,36.28
293,TTGTGGGCGAGAAGACGTAA,61.91,50.0,0.0,0.0,36.33
1081,CCCGATGTTAGACAAGGTCA,59.53,50.0,0.0,0.0,36.34
1018,TAGCTTCAGGTGCGTTTCCT,61.93,50.0,0.0,0.0,36.34
1376,CCCATCCGCTAATGCCTATT,60.11,50.0,0.0,0.0,36.36
44,CTCCTCAAAGCCTGTCTTGA,59.75,50.0,0.0,0.0,36.41
619,ACCAGTTCAGGGTTCTCTAG,58.49,50.0,0.0,0.0,36.48
1139,TTGACCCCAGATAGGCGATT,61.15,50.0,0.0,0.0,36.51
1363,GCTCCAAGGCGGTAATTGAA,61.12,50.0,0.0,0.0,36.58
1160,GCGCTGTGTTTCACTTCTTC,60.46,50.0,0.0,0.0,36.69
833,CGGCTGGAAGTGTAAGGATA,59.32,50.0,0.0,0.0,36.7
582,CGGCAGGTTTCTTACTGGTT,60.69,50.0,0.0,0.0,36.7
1243,TAACGGTATAGGGGTCGTAC,58.16,50.0,0.0,0.0,36.71
57,TCCGGCCTTACTTTAGCAAG,60.18,50.0,0.0,0.0,36.72
539,CTAGTAGCTGTCCAAGACGA,58.68,50.0,0.0,0.0,36.73
177,TACTAACTGGGGACACGAAC,59.17,50.0,0.0,0.0,36.73
1324,CGGGCAATCAACATGGGTTA,61.12,50.0,0.0,0.0,36.8
1233,GTCCTTAGGTTCTCCACGTT,59.46,50.0,0.0,0.0,36.81
225,ATCTCAAAAGGGAGGGGCAA,61.61,50.0,0.0,0.0,37.0
76,TTGTATGGAGCACCCTTCCT,61.0,50.0,0.0,0.0,37.1
973,ATCTACTTGGGATCTCCTCG,58.13,50.0,0.0,0.0,37.12
1401,TTAAGGTTTCTCCCTCACCG,59.46,50.0,0.0,0.0,37.12
909,GATGAAGCCGCAGTTCGTAT,60.96,50.0,0.0,0.0,37.17
570,GATGCTTCTATTTCGGGCAC,59.48,50.0,0.0,0.0,37.21
1253,TGCGAAGTACATTCTGGGGA,61.35,50.0,0.0,0.0,37.23
1091,GGACGAAAATCCTCACCTTG,58.97,50.0,0.0,0.0,37.25
353,TGATCTGGTTCCGAATGGTG,60.18,50.0,0.0,0.0,37.25
906,ACGTGTTTGACTGTACCAGG,60.33,50.0,0.0,0.0,37.25
1563,CCGACAGCCGTATAAGTAGT,59.11,50.0,0.0,0.0,37.29
1573,GAGCAAATATCAAGCGTGCC,60.39,50.0,0.0,0.0,37.39
611,CCAACTGTGTGTATCGCATG,59.69,50.0,0.0,0.0,37.4
230,TGGTCCCAGTGTTAGGTAAC,59.09,50.0,0.0,0.0,37.44
1257,TAAGCCCGAATCCTTTCAGG,59.89,50.0,0.0,0.0,37.5
564,TTCCGTCTCAGTGTAGTCTG,58.89,50.0,0.0,0.0,37.51
1147,ACCAAGGGCGGTTTATCAGA,61.66,50.0,0.0,0.0,37.52
1523,AAGCTTTAACCCTTGGTGCC,61.28,50.0,0.0,0.0,37.53
117,GTGGTAGGTGTTTCAGGATG,58.31,50.0,0.0,0.0,37.54
1278,CTGACACGATTAGACGCTAC,58.31,50.0,0.0,0.0,37.54
513,CGGACTTACTTGGTAACTGG,58.04,50.0,0.0,0.0,37.61
1385,GGCCGTTTGTGGTAACTGTT,61.54,50.0,0.0,0.0,37.61
171,TCGGAGTCTATACTGGCATG,58.81,50.0,0.0,0.0,37.63
429,CGGTGATCTGTCAATCCAGT,59.9,50.0,0.0,0.0,37.63
1215,CGATTAGCCTTTGAGCAGGA,60.26,50.0,0.0,0.0,37.67
439,CTCAGGATTGTGTCGATGAG,58.2,50.0,0.0,0.0,37.7
1038,TCCACGCTAAGGTGTAACTG,59.83,50.0,0.0,0.0,37.7
1140,GCCTTAACATACCCAGAGGA,58.93,50.0,0.0,0.0,37.71
155,AAAAGTACCCTCAGGAGCGA,60.99,50.0,0.0,0.0,37.71
421,GACACTTCGTTAAGCAGCCA,61.04,50.0,0.0,0.0,37.75
205,TCAGTTTCGCCATCGTATGC,61.24,50.0,0.0,0.0,37.76
1352,GACGTGACCCTCATTTGGTT,60.69,50.0,0.0,0.0,37.82
1090,TGAGCGACTCAGACATGTAG,59.33,50.0,0.0,0.0,37.84
1240,ACCTGTTGGATGACTACTGC,59.82,50.0,0.0,0.0,37.87
621,GTAGGCTTTTCCCTTTCCAC,58.89,50.0,0.0,0.0,37.91
1360,GCTTGATCCTCATTGGTAGG,58.16,50.0,0.0,0.0,37.92
325,TCCTATCCTCGTTGGTCAAG,58.95,50.0,0.0,0.0,37.92
523,CAAACCCTCCTACTTGGTGA,59.38,50.0,0.0,0.0,37.92
643,TCTTTCGATGGATTGCCGAC,60.89,50.0,0.0,0.0,37.93
441,AGTCCTTTGTACCGTTTGCG,61.32,50.0,0.0,0.0,37.95
769,CCAATTCGGATACAACAGGG,58.75,50.0,0.0,0.0,38.0
1034,AGTTCCTCGATATAGGCGGA,60.04,50.0,0.0,0.0,38.09
72,AAGGCAAGTAATCTGGGGCT,61.67,50.0,0.0,0.0,38.09
1389,CGTTGGACTACGTTGGATGA,60.18,50.0,0.0,0.0,38.17
1432,TACCTCTGGTGTCTTCTCGT,60.04,50.0,0.0,0.0,38.21
392,CCACGGCAAATGTCAACATG,60.82,50.0,0.0,0.0,38.23
1414,CTGGATGGTCATATTCGACG,58.35,50.0,0.0,0.0,38.33
1207,AATGTAGGGGTCTTAGCCGA,60.48,50.0,0.0,0.0,38.35
1036,CTGTTCAGACCTTGAGCCAT,60.11,50.0,0.0,0.0,38.37
1266,ACTACGCTAACACCCAGCTA,60.77,50.0,0.0,0.0,38.4
250,CAATCCCTATTGCCACTCCA,59.89,50.0,0.0,0.0,38.43
303,ATAAGGCACGTCGTAATCGG,60.4,50.0,0.0,0.0,38.46
300,TCAAGTAGGAGAACCCAGCT,60.33,50.0,0.0,0.0,38.47
1256,AAGGTGTGGTCCTCGTTTGA,61.79,50.0,0.0,0.0,38.5
820,CGCCTCCAGGATAAGTAACA,59.32,50.0,0.0,0.0,38.53
270,GTATTGAACGCAACGGGGAA,61.39,50.0,0.0,0.0,38.53
655,TCGAGAGTGTGTACCTACAG,58.32,50.0,0.0,0.0,38.55
535,ATCCCAGGAAGCCCGTTAAA,61.67,50.0,0.0,0.0,38.55
858,CGTAATAGCACGTCACATGG,59.21,50.0,0.0,0.0,38.59
1364,TGACAGTGAAAGACTCGCAG,60.4,50.0,0.0,0.0,38.61
95,TCCCCTGTTCACGAAGAAGA,60.92,50.0,0.0,0.0,38.69
1408,ATATAGCTAGGGTGAGGCTG,58.19,50.0,0.0,0.0,38.77
462,CCGTACTTCAGACATTGAGC,58.78,50.0,0.0,0.0,38.83
56,ACCGAGCGAAATCTAGGCTT,61.77,50.0,0.0,0.0,38.91
415,CACTGTTCACTTAACCTGCC,59.19,50.0,0.0,0.0,38.94
536,AAAAGAGTCCGCTACAGCCT,61.64,50.0,0.0,0.0,38.94
261,TACAAGACGCTTCAGCCAGT,61.92,50.0,0.0,0.0,38.94
945,GATTCACAGCCTAATAGCGC,59.27,50.0,0.0,0.0,39.0
449,CTAGGTAGTTTAGCTCCCGA,58.07,50.0,0.0,0.0,39.09
167,GCAAATGCTCCTTCTAGACG,59.13,50.0,0.0,0.0,39.09
1040,GCATGTGCTAGGCTGTAAAC,59.69,50.0,0.0,0.0,39.09
159,CATCATTCCGACTAATGGCG,59.27,50.0,0.0,0.0,39.17
1210,AGGTACTGCCATACGAGTTC,59.32,50.0,0.0,0.0,39.18
127,AGGTACTGGGTCATCAAGGA,60.04,50.0,0.0,0.0,39.18
819,AACTTACAGACAACGTCGGG,60.4,50.0,0.0,0.0,39.3
1259,TTTGGATTAGACCCCGTCGA,61.06,50.0,0.0,0.0,39.3
1452,GGAGTGTCCTCTTTCGTACA,59.18,50.0,0.0,0.0,39.31
1002,CCAATGCTTACTCTTTGGGG,58.96,50.0,0.0,0.0,39.32
1022,AAGGGCGATAGTAGCTTACC,59.1,50.0,0.0,0.0,39.35
1125,GCGTTTGCTTTGCGATTACC,61.49,50.0,0.0,0.0,39.37
126,AAGGACATTAACCTGAGGCC,59.82,50.0,0.0,0.0,39.38
1262,AACTGTGGAAGAGACTGCAC,60.33,50.0,0.0,0.0,39.41
680,CGAGCACTATTCCGATTTCG,59.28,50.0,0.0,0.0,39.44
578,TAAACGTGGTGCTGACTACC,60.11,50.0,0.0,0.0,39.44
1185,CTAGATTCGCAAGTTCCCCA,59.9,50.0,0.0,0.0,39.48
1490,AATCTCTGTCGCAAGTGTCG,60.82,50.0,0.0,0.0,39.48
1522,TAACAGGTGGGTAAAGCCGT,61.58,50.0,0.0,0.0,39.48
443,TAACTCTTGGAGCTTCTCGC,59.9,50.0,0.0,0.0,39.57
409,AGCCCACAGAAGCTACAAAC,60.69,50.0,0.0,0.0,39.6
1014,TACCTTTTGCGGTGAACCTC,60.69,50.0,0.0,0.0,39.61
934,TCTTGGGTGTCATAGCAGAC,59.53,50.0,0.0,0.0,39.71
332,ACTCCTAAAGGTGTCGGATC,58.95,50.0,0.0,0.0,39.74
97,GCTGCGTCTCTTTCGAGTAT,60.33,50.0,0.0,0.0,39.81
506,ACGCTATCTGCCTTACGAGT,61.19,50.0,0.0,0.0,39.81
274,GCCGATGAATAGCTCAAGGA,60.04,50.0,0.0,0.0,39.82
806,CATCAACAGCAGGTTTTCGG,60.18,50.0,0.0,0.0,39.85
1191,TTTTGGACTGGGACATGGAG,60.04,50.0,0.0,0.0,39.94
382,GGTGCTTAAAGGACGACAGA,60.11,50.0,0.0,0.0,39.94
974,TGCCTCAGATTCTACTGTCC,58.95,50.0,0.0,0.0,39.96
1115,TTTGGGCGGGATCGATTAAC,60.9,50.0,0.0,0.0,40.01
739,GTGGCAAATTCTCCTGCTAG,59.04,50.0,0.0,0.0,40.05
794,TTTCCATCCACGCACTAGCT,62.0,50.0,0.0,0.0,40.13
432,AAACGACTGAGGGAGAACGT,61.56,50.0,0.0,0.0,40.19
468,CTGTCCACCACTTTGTGAGA,59.97,50.0,0.0,0.0,40.23
668,CTTACAGACTTGTCCCGTTC,58.34,50.0,0.0,0.0,40.25
1362,TATAGACCCGTCAAGGCAAC,59.61,50.0,0.0,0.0,40.25
799,CAACGTCCCTGTTAAGTTGG,59.19,50.0,0.0,0.0,40.26
1289,TGAAGATCGTTAGCGTGGTC,60.26,50.0,0.0,0.0,40.27
1547,GGAAAATACGCCGTCGAAGA,60.89,50.0,0.0,0.0,40.27
786,CCGTACAGATACCTACGACT,58.18,50.0,0.0,0.0,40.36
723,TTGGACCACCGATCAAGCTA,61.35,50.0,0.0,0.0,40.36
1070,ATTGAGTCGAAATCGCTGCC,61.52,50.0,0.0,0.0,40.46
613,GTTTGGTTGACCGACGCTAT,61.1,50.0,0.0,0.0,40.47
1436,ACCTAGAACTGGTGATTCCG,59.24,50.0,0.0,0.0,40.49
36,TAAGTGCCTCCGACTTGGTA,60.7,50.0,0.0,0.0,40.49
624,GACTGAGGTCTGTACATGGT,58.87,50.0,0.0,0.0,40.55
890,TGCGGAAATCGGGTTATGAC,60.9,50.0,0.0,0.0,40.56
61,CCGGTTTTCTAATCCCGCAT,60.9,50.0,0.0,0.0,40.57
936,CCGGTCAGTTTATTCTGTCC,58.4,50.0,0.0,0.0,40.58
586,GCTTTGCATTGAGAGTCCTC,59.33,50.0,0.0,0.0,40.58
737,AGGCACGGATCGTAATTCTC,60.04,50.0,0.0,0.0,40.61
851,AGACGTAATGGGAGCGTAAG,59.69,50.0,0.0,0.0,40.62
157,CTACCCATAGCGTGATCGAT,59.25,50.0,0.0,0.0,40.64
1008,GAAGGGCTTCACGTCGATTA,60.26,50.0,0.0,0.0,40.64
192,TCTTCCTCCCGTTCTCGAAT,60.77,50.0,0.0,0.0,40.64
145,TGCATACGCTCTTCAGGTGA,61.7,50.0,0.0,0.0,40.64
1129,ACTGACCGTAACAGGATACC,58.95,50.0,0.0,0.0,40.67
1101,TGCTCTATTTCAAGCTGGGG,60.18,50.0,0.0,0.0,40.72
182,CGTGGTCCGAAGAGATTCAA,60.18,50.0,0.0,0.0,40.75
1234,CATACCAGCATTCAGGTTCC,58.75,50.0,0.0,0.0,40.77
620,CATAAGCCACTTCGGGAGAT,59.68,50.0,0.0,0.0,40.78
1498,GAGACACGAGGTTTCAAGCT,60.4,50.0,0.0,0.0,40.79
1537,TGTCCCAAAGTCCTGGAATG,60.04,50.0,0.0,0.0,40.8
266,AGCTATTGATTGGCGAACCG,61.25,50.0,0.0,0.0,40.95
852,CCGGTAAGGGTTTACTCAGA,58.87,50.0,0.0,0.0,40.98
1252,ATACAGTTGGTTGCCAGACC,60.4,50.0,0.0,0.0,40.98
1003,AAGGTCGTAGTAACCAGGCT,60.7,50.0,0.0,0.0,40.98
407,TCTCGATTACGGTGACAGGT,60.76,50.0,0.0,0.0,40.98
116,CAACCCAGCAGGATCTAACA,59.82,50.0,0.0,0.0,40.99
720,CTCACGAAGGGACTACATCA,58.96,50.0,0.0,0.0,41.0
577,TACGTCTGGTACTCACACCT,60.04,50.0,0.0,0.0,41.01
133,GAGAATACATCTTCGCCAGC,58.92,50.0,0.0,0.0,41.03
446,GGTTACCTTAACGCTCTTGC,59.34,50.0,0.0,0.0,41.03
525,TGGCGTTATTCGGTTGTGTC,61.38,50.0,0.0,0.0,41.07
753,AATCAGGTGTCGTTACTCGG,59.9,50.0,0.0,0.0,41.11
299,ACATAAGTAATGCGGAGGCC,60.33,50.0,0.0,0.0,41.13
435,GAGATTGATTTACGCTGCCG,59.84,50.0,0.0,0.0,41.14
567,CTGACTCACCTAGTGCCAAA,59.75,50.0,0.0,0.0,41.18
1151,TGGCACTCCCAGGATTATTG,59.89,50.0,0.0,0.0,41.23
222,CGTGTGCCAAAAGACGATCA,61.66,50.0,0.0,0.0,41.25
777,AAGTGTCCTGAAGAGGCTAG,58.87,50.0,0.0,0.0,41.28
584,AGGAAGTCTCGCTTACCTCA,60.4,50.0,0.0,0.0,41.28
1425,CCTACCTAACCTTACTGGCT,58.26,50.0,0.0,0.0,41.31
30,TTGACTGACTCTTGGGACAC,59.68,50.0,0.0,0.0,41.32
1099,AGAGGCAACATACAGTGCTC,60.18,50.0,0.0,0.0,41.41
194,GGTACACAATTCTGGTGCAG,59.26,50.0,0.0,0.0,41.43
719,TACTAGGTTCCTGGCGGATT,60.48,50.0,0.0,0.0,41.43
389,TCGGGCTAACCATCTAAGGA,60.18,50.0,0.0,0.0,41.45
688,CCGATGAATAAAGCGGGTAC,58.91,50.0,0.0,0.0,41.47
380,TTACTCATGTCAGAGGTCCG,58.96,50.0,0.0,0.0,41.48
394,TTCCTTGGCTTTGGCAGTTC,61.56,50.0,0.0,0.0,41.49
1281,AGTGTCGTTATTCGTTGCGG,61.44,50.0,0.0,0.0,41.53
966,GATTAGCTTGAGGATGCTGG,58.53,50.0,0.0,0.0,41.55
711,CACACGAGGTTAATCCCGTT,60.47,50.0,0.0,0.0,41.55
1019,CAGCATGATATACGAGACGC,58.79,50.0,0.0,0.0,41.58
969,TGTTGACCAGCATGACAAGG,60.98,50.0,0.0,0.0,41.58
1009,AGTGTCCATGAGTGTGGTCA,61.21,50.0,0.0,0.0,41.64
988,GCACTGGCAAAACTACCATG,60.18,50.0,0.0,0.0,41.68
75,GCAACGGCAATCCAGATGAT,61.54,50.0,0.0,0.0,41.68
1467,GATTTCGACGATTCCGGTCT,60.33,50.0,0.0,0.0,41.71
821,GAGCGTAGGTGTGTCTAATG,58.21,50.0,0.0,0.0,41.75
473,CGCTATGTCCAAACTGCGAT,61.24,50.0,0.0,0.0,41.81
642,AGTGCCCCAGCTAAGAAGAA,61.29,50.0,0.0,0.0,41.81
498,ATGGAGTGCCTAAGCTGGAA,61.37,50.0,0.0,0.0,41.81
138,AGTTAGGATAGCCACGTAGG,58.44,50.0,0.0,0.0,41.84
502,ATAGGCAAGACCCAAGCGAT,61.8,50.0,0.0,0.0,41.93
965,TCAAGCAACTTCCTTGTCCC,60.62,50.0,0.0,0.0,41.94
942,AACTATAACGGGCTTGGTGC,60.83,50.0,0.0,0.0,41.94
1390,CCCGTAAGATAGCCATAAGC,58.04,50.0,0.0,0.0,41.95
901,CTGCCATCACAGACGTTCAA,61.04,50.0,0.0,0.0,41.99
855,ACTGTAGCCTTGCTGGAGTA,60.7,50.0,0.0,0.0,42.05
1076,TTCATCTCGTATCGCCTCGA,60.97,50.0,0.0,0.0,42.1
1575,ACACACTTTGATGCCCCATC,61.06,50.0,0.0,0.0,42.18
1447,CCGTTGAGTGAGAAACTAGC,58.71,50.0,0.0,0.0,42.21
1231,CTACGGAATCGGGACCTAAA,59.03,50.0,0.0,0.0,42.29
1543,TAAACCCAGCTTCCTCTAGC,59.23,50.0,0.0,0.0,42.3
403,CCAGTGTCGCAGATTGGAAT,60.83,50.0,0.0,0.0,42.3
40,ATCTTAGCCCCTTCCCTAAG,58.32,50.0,0.0,0.0,42.5
267,TTCATTCGTGATGCCACTCG,61.17,50.0,0.0,0.0,42.52
1572,ACCGGCTGAAGCTAAGATCA,61.42,50.0,0.0,0.0,42.54
85,ACCTTGCCATGCAGAGAATG,61.12,50.0,0.0,0.0,42.56
1380,ACGTATATCGACTCTCGGGT,60.04,50.0,0.0,0.0,42.57
912,GCTACCTTTACTGGTTCGCA,60.47,50.0,0.0,0.0,42.61
915,AAGAACGATAGCAGTACCGC,60.33,50.0,0.0,0.0,42.67
1267,GCAAGGAACTGGACTATCTG,58.1,50.0,0.0,0.0,42.75
114,CACCACACAAGGTTATGCCA,60.98,50.0,0.0,0.0,42.87
1284,CTGTCAGAGTAGACGCAACT,59.54,50.0,0.0,0.0,42.94
1499,AGATGTGAGGCGTAAGAGTC,59.32,50.0,0.0,0.0,43.02
666,GGTGTCAGATTAGGCACTCA,59.53,50.0,0.0,0.0,43.06
254,TCTGTCTTCAGTCCGCTTGT,61.56,50.0,0.0,0.0,43.13
1468,CCCAATATGGACCCGTAGAT,58.78,50.0,0.0,0.0,43.26
1086,ATCTTTCGGCTGCGTAAACG,61.79,50.0,0.0,0.0,43.27
648,TAGAACCATACGGGCAAGAG,59.32,50.0,0.0,0.0,43.31
55,ATTGCAGTATTAGGCAGCGC,61.6,50.0,0.0,0.0,43.31
770,CGTTCAAAGCACTGGATGGT,61.33,50.0,0.0,0.0,43.33
1102,CTCGACCGGCATGGATTTAT,60.4,50.0,0.0,0.0,43.37
367,ACAGTGTATAGGTTGCCCTC,59.23,50.0,0.0,0.0,43.43
372,ACAGAACGATTACGACGCAG,60.88,50.0,0.0,0.0,43.58
1453,TCTTGAAGTCGATCCACGGT,61.34,50.0,0.0,0.0,43.6
153,ATCACTCCGCAATTAGCTGG,60.62,50.0,0.0,0.0,43.66
1330,AATGGACATGCGTCTTCAGC,61.46,50.0,0.0,0.0,43.68
768,TACCTTCTGTGCCTACGGAT,60.48,50.0,0.0,0.0,43.7
546,CTAAGGAGGAACTGGGGATT,58.55,50.0,0.0,0.0,43.72
1445,TAACGGAGGTACTTTTCGCG,60.54,50.0,0.0,0.0,43.72
119,TGTCTCTCCGACCGATCTAT,59.67,50.0,0.0,0.0,43.73
493,GCATCAGATTGCACTAGGAC,58.83,50.0,0.0,0.0,43.74
1004,TCAATCCTGTCTCATGACCC,59.23,50.0,0.0,0.0,43.74
1291,TGTCTTGTGACCGTTGGTAC,60.33,50.0,0.0,0.0,43.74
202,TGTGGTCTTTCGTGCAAAGG,61.54,50.0,0.0,0.0,43.75
716,GCACAAAACGAGGACTACTC,58.99,50.0,0.0,0.0,43.8
324,CATGAAATGGGTGGGAGCAA,61.06,50.0,0.0,0.0,43.8
1037,AGTGCGAGGCATATTACCGT,61.84,50.0,0.0,0.0,43.84
265,TGCCACAGTTATGGTCTCAG,59.82,50.0,0.0,0.0,43.85
466,ACCATCAGTTGACGCTTGTC,61.04,50.0,0.0,0.0,43.95
1158,GGGATGAAGCTTACAGGCTA,59.31,50.0,0.0,0.0,43.98
207,TAGGTGCTACCAGGTCCTAT,59.21,50.0,0.0,0.0,44.0
308,ACCGTCCAGCTATAAAGAGC,59.68,50.0,0.0,0.0,44.0
368,CAGATTTCTTGGGACAGTGG,58.6,50.0,0.0,0.0,44.04
289,GAAGAACAAGGCCCTTAGCT,60.11,50.0,0.0,0.0,44.04
460,CTGGCCCATAAGAGAATCGA,59.39,50.0,0.0,0.0,44.08
131,CGGCCTGTTAGTAAGACAGT,59.54,50.0,0.0,0.0,44.08
1169,AAGCAGGGTAGAGGATCGTA,59.89,50.0,0.0,0.0,44.08
1403,TATTTGGTAGAGCATCGCCG,60.4,50.0,0.0,0.0,44.08
1113,GCACGAAGTACCGTAGCAAA,61.1,50.0,0.0,0.0,44.1
1068,GTATAATCTCGCTTCGCAGC,59.35,50.0,0.0,0.0,44.26
189,ATCGCAGACTATGAGCTTGG,60.04,50.0,0.0,0.0,44.46
1224,ACGAAGTGTGACTACCGCTT,61.9,50.0,0.0,0.0,44.46
1521,GGTTTCCTCAGATCACTGCT,59.82,50.0,0.0,0.0,44.48
63,GGCTAACATTCGCCCAGAAA,61.12,50.0,0.0,0.0,44.57
251,CAATCTCTAGGCATTCAGGC,58.53,50.0,0.0,0.0,44.61
721,AAGACGAATACGCCAATCCG,60.96,50.0,0.0,0.0,44.84
1133,TAAACGAGGACGCAGAAGGT,61.62,50.0,0.0,0.0,44.84
137,AACTGTACGAGTACCGGCAT,61.41,50.0,0.0,0.0,44.88
825,AGTCGGTATTGGACTGTTCG,59.9,50.0,0.0,0.0,44.94
926,GTTCTTGTCCTGAACGAGGT,60.04,50.0,0.0,0.0,44.95
417,GCGTCGAGCTGATAATTAGG,58.72,50.0,0.0,0.0,44.96
659,GTTGCGTAGAATAGCATGGC,59.83,50.0,0.0,0.0,44.98
269,CAAAGTAGACCAACTGCGGT,60.69,50.0,0.0,0.0,44.98
431,GGGTTAATCCGAGCATAGCT,59.75,50.0,0.0,0.0,45.04
1419,CTTCCACGTCATTTGGATGG,59.33,50.0,0.0,0.0,45.1
227,TCCTGTTTGATCGTTCCACG,60.75,50.0,0.0,0.0,45.11
488,GAGAGAACCGCCTCTGTATA,58.45,50.0,0.0,0.0,45.18
742,CCTGCTTTAGTTGAACAGGG,58.89,50.0,0.0,0.0,45.25
1544,CGTAAGCTATGTGCCAGATG,58.92,50.0,0.0,0.0,45.26
231,ACATTGCACGATAACGGACC,61.18,50.0,0.0,0.0,45.29
52,TTAGGTAGCCTCTGCGGAAA,61.06,50.0,0.0,0.0,45.34
1460,ATGTAGAGACTGCTCATCGG,59.11,50.0,0.0,0.0,45.37
168,GATGAGTCTGGTGAGTCGTA,58.68,50.0,0.0,0.0,45.45
139,GACAAGGGTGTGTCTCCTTT,59.97,50.0,0.0,0.0,45.61
1559,TCTCGAATGTGGAGTACAGC,59.61,50.0,0.0,0.0,45.62
1513,GAATGAGCTTTGATGCTGCG,60.67,50.0,0.0,0.0,45.87
20,TCTCGCTTTCAACATCCGAG,60.54,50.0,0.0,0.0,45.88
725,CATGCGTGGGACAAATTACC,59.97,50.0,0.0,0.0,46.04
950,CTTATTGGCTCGCAAACCGA,61.46,50.0,0.0,0.0,46.09
923,TCGGTATGAGCGATGAGAGT,60.62,50.0,0.0,0.0,46.11
426,GACATACATTCACGGGAGTC,58.2,50.0,0.0,0.0,46.2
1063,TTGGTCTTTGCAAGATGCCC,61.63,50.0,0.0,0.0,46.22
1221,AATTCCGATACCTCTGACGG,59.39,50.0,0.0,0.0,46.25
77,ATCTATGCCCCACAAGCACT,61.74,50.0,0.0,0.0,46.27
1156,GAGCGACAAAGTAGGTAACG,58.79,50.0,0.0,0.0,46.39
444,AATGGGGAGTGTTGACCCTT,61.53,50.0,0.0,0.0,46.41
87,CTTACTCCAGCATTAGCACC,58.47,50.0,0.0,0.0,46.54
1577,GTCCCAAGCGGATTAAGTGT,60.47,50.0,0.0,0.0,46.63
937,TTGCATGAGCCCTAAGCCTA,61.44,50.0,0.0,0.0,46.74
1254,TCTCACACTGGTGGTATCAC,59.17,50.0,0.0,0.0,46.78
1532,TCCGGTGGTCTCACAATTAG,59.53,50.0,0.0,0.0,46.78
89,AGTTCTCCGTCGAGATCTAC,58.47,50.0,0.0,0.0,46.87
1550,CCAGAGGGCTGATACAAGAT,59.01,50.0,0.0,0.0,46.88
1508,CCATGAGTCCGTCATTAAGC,58.84,50.0,0.0,0.0,46.95
1298,AAAAGAGTGGGCATCTGACC,60.4,50.0,0.0,0.0,46.95
264,TGAACTCGCTCCTGGATAGT,60.48,50.0,0.0,0.22,0.0
21,TGGCTGCATGTGTGATCAAC,61.68,50.0,0.0,0.29,0.0
941,TTCTGCGATATCCCGGTATC,59.25,50.0,0.0,2.59,0.0
241,GTACCAGGAATGCATACACC,58.46,50.0,0.0,6.06,0.0
575,ACTAATCCAGACTGCGACAG,59.61,50.0,0.0,6.85,38.33
964,CGCGAGACTAGTTTAATCGG,58.66,50.0,0.0,9.71,35.47
342,TCCGGGACCTAATCAACTAC,58.65,50.0,0.01,0.0,0.0
470,TCCGGGTCAACTTAATTCGG,60.18,50.0,0.01,0.0,38.26
1304,GAGTATCTTCACTCAGCGTG,58.22,50.0,0.01,0.0,45.47
482,GGTTAATATTGTCTGGCGCG,59.84,50.0,0.02,0.02,0.0
607,TACTACACTGTATCAGCGCG,59.76,50.0,0.02,0.02,36.22
1059,GGTCCTGGGCAAATCTGAAA,60.7,50.0,0.03,0.0,0.0
1236,TTGAGGTATGTCAGCGATGG,59.97,50.0,0.05,0.0,0.0
4,GCTTGAACTTAATCACGCCC,59.97,50.0,0.14,0.0,40.56
900,GTACTCAATTGCACGGTTCG,59.98,50.0,0.22,0.0,0.0
878,CATCGCACTTGCTAGGTAAG,58.85,50.0,0.33,0.0,40.27
760,ACCACTTGGGGTACTTCTTG,59.67,50.0,0.43,0.0,42.07
1525,GGTGCTGCTTGTGATACGTT,61.39,50.0,0.45,0.0,0.0
1066,CGCGCCTAAAATGAAGCATG,61.02,50.0,0.46,0.0,0.0
35,CACACGTATAGTTCGGAGCT,59.69,50.0,0.53,0.53,0.0
756,CAGCAATTTGACGCCTCTCT,61.11,50.0,0.56,0.0,0.0
287,TTGAAACGACGACAAGGGAC,60.96,50.0,0.57,0.0,0.0
807,CAACCTAAGCGTGGTATGAC,58.77,50.0,0.57,0.0,38.52
1402,TACTACGGTATGCCAACGAC,59.69,50.0,0.58,0.0,34.99
1126,CAAACCCTTGGAAGGCTTTC,59.75,50.0,0.59,0.0,46.67
361,AGACTCCGAGGACATTTGGT,60.99,50.0,0.6,0.0,0.0
234,CGGACCAGTCAAACCCATAA,60.11,50.0,0.64,0.0,0.0
566,TCACCCAGGATCTCGTGATA,59.89,50.0,0.67,0.0,35.39
682,CACCATAATTGTATCGGCGC,59.91,50.0,0.7,0.0,0.0
660,CAGACTCCCATCAGTTCTGT,59.16,50.0,0.77,0.0,0.0
1245,GAAACGTTGTTATGCCCTGC,60.54,50.0,0.77,0.0,0.0
1551,TCTTCTGGTACGAGCAATGG,59.9,50.0,0.79,0.0,0.0
549,ATTAGGGTAGAGCCACTGTG,58.94,50.0,0.85,0.85,40.7
1122,CGGACAAGTCTTCAGATGTC,58.42,50.0,0.86,5.28,42.23
581,TGCATTAAGACTCGACGACG,60.6,50.0,0.88,0.88,41.26
1198,CAGTCAGATATGTGGAGCGA,59.4,50.0,0.94,0.0,0.0
921,AGAGTGCTAGGAACGAACGA,61.05,50.0,0.94,0.0,0.0
931,TAAAGAGGTGCCGTCTGTTC,60.11,50.0,1.0,0.0,0.0
1204,AATACCGCTATACAGGCCTC,59.17,50.0,1.19,0.0,0.0
10,CAGCTAGTGGCAATACCGTA,59.68,50.0,1.19,0.0,45.21
1159,AGCAATGCCCTAGTCCATCA,61.44,50.0,1.22,0.0,0.0
735,GCACGGAGTAACAGGTTAGT,59.83,50.0,1.26,1.26,44.1
1265,TCATACGTTCGTCCCTAGAC,58.76,50.0,1.3,0.0,40.63
743,AGGTTCACTGGCACAAGTTG,61.19,50.0,1.36,1.36,40.58
1423,CTTGGCTGCAAACTCGTTCT,61.6,50.0,1.38,0.0,0.0
1190,GACTGCTCTGGCTGCATAAT,60.62,50.0,1.38,0.0,41.39
651,AGTGGGTGTATTCGAAACCG,60.47,50.0,1.51,0.0,36.22
339,GTCGAGAGGTAAGCTTCAAC,58.42,50.0,1.54,0.0,0.0
239,AGAGGACCAGGCCTTAGATT,60.11,50.0,1.59,0.0,40.68
650,TTCACCACTGATCCAGAGAG,58.87,50.0,1.66,0.0,36.67
847,ACGACCTTGGTAGTCCACTA,60.04,50.0,1.68,0.0,45.92
1189,CAGTCAAAATTTGCCCCGTG,60.75,50.0,1.74,0.0,0.0
1080,GAGTTTAGCCATGTACAGCC,58.76,50.0,1.75,0.0,0.0
485,ACCATATTGACCCGGATTCC,59.67,50.0,1.82,0.0,0.0
42,TCGGGCCTTAATTCGATCTC,59.75,50.0,1.82,0.0,0.0
1479,TTTAGGGGCCTACACTTTCG,59.82,50.0,1.82,0.0,0.0
475,TATAACACAAAGCCCCGGAG,59.89,50.0,1.82,0.0,0.0
315,GGGGCCTTTGATAAACTCCA,60.11,50.0,1.82,0.0,0.0
979,ACCCCGGAATGTCATCGATT,61.79,50.0,1.82,0.0,0.0
1524,TTCATCCTTAACCCCGGAAC,59.82,50.0,1.82,0.0,33.82
496,AACATGCTATACCCGGATGG,59.75,50.0,1.82,0.0,36.82
880,CAGATGACCCCGGATAACAT,59.38,50.0,1.82,4.23,0.0
1416,ATGGCTTCTAGCACCTGACT,61.07,50.0,1.85,0.0,46.75
1120,CCCCTAACTGTAATTGCTGC,59.04,50.0,1.9,0.0,0.0
229,AGTACCATAGAGCTGCAACG,59.97,50.0,1.91,0.0,0.0
977,GCTGTCTCTTATGCATCGAC,58.92,50.0,1.91,8.65,0.0
132,AGAACGTTTTCTGGGCATCC,61.05,50.0,2.02,0.0,43.16
48,GATGAAGTATACGCCTTGGC,58.91,50.0,2.04,2.04,0.0
1058,ATAGCCGTAGACGTTGAGTG,59.69,50.0,2.05,0.0,38.68
420,AGTAACCACTGGAAGCAAGC,60.69,50.0,2.15,0.0,39.39
240,GAGATCGATGGTCATTGCCT,60.04,50.0,2.23,0.0,0.0
1485,GACCCTTAAGTTGCTGTGGT,60.33,50.0,2.25,0.99,0.0
591,TTGACTAAGCTCCTGGTCCA,60.63,50.0,2.29,0.0,0.0
984,ATAATACCTGGTCGGACGTG,59.39,50.0,2.29,0.0,37.23
373,AGTCGCACTGCATACTGAGT,61.7,50.0,2.38,0.0,0.0
1542,TGGAGGACTGTGCATCACTA,60.7,50.0,2.55,0.0,36.69
74,GTAGACGTTGAAGCACGAGA,60.18,50.0,2.57,0.0,44.91
341,GTAACGCTCCCACTTAAGCA,60.47,50.0,2.69,0.0,40.07
271,CGAAATCGACACTTAAGCGG,59.77,50.0,2.69,0.0,44.04
894,CCTAGGACTGATGCCTACTT,58.34,50.0,2.73,0.0,38.44
640,CCTCGTATTGGTTAAGCCGA,59.97,50.0,2.79,4.79,42.27
707,GTGCGGCAGGTTGATCTTAA,61.11,50.0,2.81,0.0,0.0
365,ATGCCGGTATTTGCTCGTAG,60.68,50.0,2.86,0.0,0.0
844,AGGCTCGCCGTTTAGAATAC,60.33,50.0,2.96,0.0,42.85
1397,ACTTCCCAGATTGTCTGCGT,61.93,50.0,3.01,0.0,45.17
795,GAAATGTTTGGCCGGGATCA,61.41,50.0,3.16,0.0,0.0
1386,CATTGGGAATTATGCCGGGT,60.91,50.0,3.16,0.0,42.56
450,ATGTTCTAGGATTTGCCGGG,60.26,50.0,3.16,0.0,44.47
412,CTCCGTTTTAAGGGGTGAAC,58.9,50.0,3.18,0.0,36.12
306,CCAAAGTAGAGATCGGCCAA,59.9,50.0,3.19,0.0,0.0
1203,ATTCACTTAGTTCCGGCCAG,60.18,50.0,3.19,0.0,0.0
66,GGTCTTAAACACTTCGGCCA,60.69,50.0,3.19,0.0,0.0
1046,TCCTTCGGCCAAATTGTAGC,61.12,50.0,3.19,0.0,0.0
681,TCTGTCTAGGTAACGGCCAA,60.7,50.0,3.19,0.0,46.39
1471,GAAAATTCCAGCGGGTACAC,59.62,50.0,3.2,0.0,35.87
213,CTTCAGAAGTCTCGTCTCGT,59.26,50.0,3.21,0.0,0.0
1540,TCTTCTCAGCGAGGTGTGTA,60.69,50.0,3.23,0.0,0.0
115,TCAATAGAAGCGCCTAGTCC,59.39,50.0,3.31,0.0,0.0
1148,ACCCAAAAGTAGCGCCAATC,61.4,50.0,3.31,0.0,0.0
1314,AACAGAGACAACTAGCGCCT,61.63,50.0,3.31,0.0,0.0
860,TCTACCGCTATACCTGGGTA,59.0,50.0,3.34,3.34,35.47
1237,GTTCTGACTACTCGGGAGAA,58.6,50.0,3.37,0.0,40.45
175,GGTCATATGGGCGTCTATGT,59.46,50.0,3.46,0.0,0.0
282,AAACCAGGTGGAGAGTAACG,59.75,50.0,3.5,0.0,39.85
841,CGCAATAACTGTTACCCGCA,61.45,50.0,3.54,0.0,0.0
1341,GTGACCGAGTCCTACAGATT,58.96,50.0,3.58,0.0,0.0
1271,GAGGCTCCGAGAATTTGAAC,59.05,50.0,3.62,0.0,0.0
99,ATAGTTGCCGTAACACAGCG,61.17,50.0,3.62,0.0,43.42
371,TAATCTTGGGCTTTCCGGAC,60.18,50.0,3.63,0.0,39.82
675,ACACACAGTGGATGGCATAC,60.47,50.0,3.67,3.67,39.66
1340,GTTATCGCATTGCCAACCCT,61.48,50.0,3.73,0.0,0.0
918,GGTTGCGGCATTATATCACG,59.91,50.0,3.83,0.0,0.0
766,CAGCAGTCGTGAACGGTTTT,61.87,50.0,3.84,0.0,41.13
1143,GATTCTGACGATCCAGACGT,59.69,50.0,3.84,0.0,44.36
1569,GCGTTCCCGTTACATGTTCT,61.1,50.0,3.93,0.0,37.08
1020,AATCGAACGAGACTCCGCTA,61.18,50.0,4.09,0.0,0.0
19,CGAACATCTGGATGCATGAG,59.2,50.0,4.19,0.69,43.92
816,ACAGCACCACAGAATCATGG,60.76,50.0,4.26,4.26,42.9
68,GTATCGTACAGCTTGGCCTA,59.39,50.0,4.28,0.0,0.0
414,TAAAGTATCCGGTCTGGCCT,60.48,50.0,4.28,0.0,38.91
935,ATGTGGCCTGAGTGGATGTA,61.07,50.0,4.28,0.0,39.5
740,TAGATTACTGGTGGCCTCAC,58.94,50.0,4.28,0.0,43.62
1290,ATGGCCTTACCGTCTTTGGA,61.66,50.0,4.28,0.0,45.21
1072,TCGGTATAGTCCCTAGCGAA,59.67,50.0,4.37,0.0,45.76
989,CTTACCACCGGTCTTCCAAT,59.82,50.0,4.4,0.0,38.83
1177,CAGAAATCCAGGAATACGCG,59.2,50.0,4.54,4.54,0.0
1470,AGGTTCTCACAGATAACGCG,60.26,50.0,4.54,4.54,0.0
722,TGACGGTCGTTCAAGACTTC,60.4,50.0,4.57,0.0,42.04
1444,TCTAACTGGCTAGAGACCCA,59.44,50.0,4.69,0.0,0.0
676,TACAGCCAGGTGATTCAAGG,59.82,50.0,4.73,0.0,0.0
424,TCTAAGCTTTGAGGACTCCG,59.25,50.0,4.83,0.0,0.0
745,CGGCGAATAAGCTTTGGTGA,61.46,50.0,4.83,0.0,38.11
862,GTGGTTGCCTCTGAGTTTCA,60.62,50.0,4.89,0.0,0.0
465,GAGTCTTCCGGAGATCGTAA,58.75,50.0,4.89,0.0,38.36
1343,CCGTTGTAACCTGAGACTCT,59.18,50.0,4.95,0.0,0.0
195,CCTTACGCTCGTCAAATGAC,59.42,50.0,5.02,5.02,42.18
337,GACAGTCCATTGCGCCTATA,60.04,50.0,5.16,0.0,0.0
1172,GAATTATGTGCGCCAGAGGA,60.61,50.0,5.16,0.0,0.0
1477,GACATTCTGCGCCCATATGA,60.69,50.0,5.16,0.0,0.0
1209,TCCTGCGCCTCTATATGGTT,60.92,50.0,5.16,0.0,0.0
273,CTTAAGTGCGCCAAAGTCGA,61.38,50.0,5.16,0.0,0.0
1312,GAACGAGGATATGCTGCACT,60.33,50.0,5.17,0.0,0.0
1167,GTGTGGATTCCGACGTTGAT,60.82,50.0,5.17,0.0,0.0
1409,CCTCTCGCCTTGATATCTCA,58.81,50.0,5.24,0.0,0.0
244,TGGCACCTCGGAGTAACTAA,60.7,50.0,5.25,0.0,0.0
881,AAAGAATGCCCGTTCTCTCG,60.83,50.0,5.31,0.0,39.67
272,TCAACGGGGCCATTACATTC,60.84,50.0,5.36,0.0,0.0
489,TTGTGAAGGACGGGCCAATA,61.94,50.0,5.36,0.0,41.15
791,GACGCAATATGACGTACCTC,58.65,50.0,5.37,0.0,45.53
685,AGAAACGGCTCTTTCCCATG,60.76,50.0,5.38,0.0,33.43
294,CCCTGGGTTACATTCACATG,58.67,50.0,5.42,0.0,37.15
345,ACATCAACGATGCCCAAGTC,61.11,50.0,5.46,0.0,45.27
479,CTGAACTCTGAGCAGTACGA,59.26,50.0,5.53,0.0,0.0
669,CATGCTCATGAAACGGTTGG,60.26,50.0,5.53,0.0,42.79
1488,AGTAGCACAGTGAAAGGGCA,61.87,50.0,5.62,0.0,0.0
1548,GCTGTGTCTCAGGGTGTATA,58.95,50.0,5.67,0.0,45.11
165,CCTACTTGGTAGCCTACACT,58.28,50.0,5.69,0.0,37.05
876,TGACGCTGATCGCCAATAGA,61.83,50.0,5.7,0.0,44.25
641,TCCGCTCCCTTTACTATAGG,58.13,50.0,5.71,0.0,0.0
649,CTAATTACCGCGTACCTTCG,58.65,50.0,5.83,0.0,0.0
1455,CTCTCCCGCGTAGTATGAAA,59.4,50.0,5.83,0.0,0.0
1316,AGGAGAGCACGTTGTCTACT,60.69,50.0,5.83,5.83,0.0
1260,AGTCTCGGAGTAGTCATTCG,58.76,50.0,5.95,0.0,0.0
29,GAGGCCATTACTGAAGACTG,58.1,50.0,6.0,0.0,0.0
1333,CATGAGACTCTAGGCCATCT,58.42,50.0,6.0,0.0,0.0
982,AAGATAAGGAGGCCAGTCGA,60.48,50.0,6.0,0.0,0.0
951,TGAATCCAGGCCAAAAGGTC,60.7,50.0,6.0,0.0,0.0
11,TTTTAGGCCAACGCTGAAGC,61.96,50.0,6.0,0.0,35.41
88,TGAGCAAAGACTCCTGCGAT,61.99,50.0,6.0,0.0,44.99
1153,TTGGCATGTGCTGTACTACG,60.82,50.0,6.04,0.0,42.54
24,TGGAGCTAAGCCGGAATTTC,60.55,50.0,6.13,0.0,0.0
1269,AAAGTGCAGCCGGATATAGC,60.69,50.0,6.13,0.0,0.0
1315,CTGCCGGATGGAATTACTGA,59.97,50.0,6.13,0.0,38.82
1558,TCTTAACGATAGGTGCCGGA,60.84,50.0,6.13,0.0,43.77
908,TAAGCCGGACAACGTCTTGA,61.91,50.0,6.13,0.0,44.4
1305,AGGATTCATTCGTGACGGGT,61.71,50.0,6.17,0.0,0.0
748,AGTGTTACGGAGGCCTATCT,60.18,50.0,6.22,0.0,0.0
1505,ATCTGGACGACGTGTTCCTA,60.76,50.0,6.23,0.0,0.0
375,TACCTGCATAACCACGGTTC,60.18,50.0,6.24,0.0,40.64
1489,TACGATCTCAGCAATGCTCG,60.4,50.0,6.24,10.79,38.88
109,CATCCGCCATGTGCTTACTA,60.33,50.0,6.25,0.0,39.14
772,AACGTCGTTTCTGAGAGGGT,61.56,50.0,6.32,0.0,0.0
734,CAATCTGGCGATTACGGTAG,58.64,50.0,6.34,0.0,40.04
684,GATTGCAAGGTTGACCGAAG,59.9,50.0,6.36,0.0,43.03
992,GACTGACGTAAGGTGACTGA,59.18,50.0,6.42,0.0,44.39
1337,GTGTTTCGCGCTACTGATTG,60.32,50.0,6.47,0.0,0.0
1082,AACACCTCGCGCTTAAAGTG,61.66,50.0,6.47,9.84,0.0
184,ACGTTGATCTGCATCCATGG,60.9,50.0,6.5,6.5,0.0
1461,TAATTGGGCCTTCTCCATGG,59.89,50.0,6.5,6.5,35.43
561,CACCGAAAGACTACATCGTC,58.51,50.0,6.53,0.0,36.35
1338,TCGGGTGAACACGTACCTAT,60.77,50.0,6.56,0.0,45.98
644,AGAGCACAGATGAGCAACGA,61.98,50.0,6.6,0.0,35.51
1475,AACAGAGTTTGGGTCTGGGA,61.15,50.0,6.63,0.0,46.88
223,AGTAGGTATGTAGCGACTGG,58.45,50.0,6.67,0.0,40.29
639,GCCTACTGCTGGAGTCTAAA,59.24,50.0,6.69,0.0,37.62
596,ACACAGGTTAACTCGTTCCC,60.04,50.0,6.7,0.0,0.0
1208,TAGGTCGCGTTCAATTGGGA,61.99,50.0,6.7,0.0,0.0
1023,CTTCGCGTTGAATCCCAGTT,61.39,50.0,6.7,0.0,37.45
501,ATTCGCGTCAGCTCCCTATA,60.98,50.0,6.7,0.0,43.29
478,GATCGCGTAGAGAGATGCTT,59.83,50.0,6.7,0.0,43.87
257,TTCTCAGTTTACGCGCTTCC,61.1,50.0,6.74,0.0,0.0
542,TCAGCTCCGGAACAGTGTAA,61.27,50.0,6.78,0.0,0.0
1323,TTCTCTCCGGAATGCAGTTC,60.18,50.0,6.78,0.0,36.81
703,TGACGGTCCCATAGCTTTTC,60.18,50.0,6.83,0.0,0.0
13,GGGTACCGATACGCAAAACT,60.54,50.0,7.02,0.0,44.08
1288,CTGCAGGAAATGTTCTTCGC,60.25,50.0,7.05,0.0,0.0
691,CTGCAGGTGTACTAGTGACA,59.18,50.0,7.05,5.2,0.0
290,ATGTGATAGCTGATTCGCGG,60.75,50.0,7.08,0.0,35.31
1514,TCGCGGACCTTGTCTAACAA,61.91,50.0,7.08,0.0,38.03
553,CCAATGTCATCGCGGAACAT,61.53,50.0,7.08,12.62,0.0
69,TCAGATTGATCCAGGGCCAA,61.38,50.0,7.13,0.0,0.0
65,TCCTACATTGCTGAGCTGTG,60.18,50.0,7.26,8.63,0.0
519,CACTATTTGCTGGGCTAAGC,59.4,50.0,7.27,7.27,44.59
986,GGACCGGGAACATTTGATTG,59.61,50.0,7.28,0.0,0.0
1103,TAAGACCGGGGTGGCTAATA,60.18,50.0,7.28,0.0,45.21
302,CTCATGTGGAAACCGGGATT,60.48,50.0,7.28,0.23,0.0
899,AGACCGGGTTTAAGTCTGGT,60.92,50.0,7.28,11.52,46.03
1013,TACGTACCCTCCTACGATGA,59.31,50.0,7.29,0.0,43.75
598,GGTAAGACGGATATGGGTCA,58.72,50.0,7.35,0.0,37.11
1393,AGTGGACTAAAACTGGGCCA,61.52,50.0,7.38,7.38,0.0
678,TGCGCAGATAGGTGAATCAC,60.61,50.0,7.41,6.38,0.0
346,GACCTCATGAAGATCGGTTG,58.48,50.0,7.44,0.0,0.0
946,CCGATTAAGGCCTGTATGGT,59.67,50.0,7.47,0.0,39.27
1431,GATCTTTCCTGCGTAGACGA,59.69,50.0,7.51,0.0,44.04
705,GACTGTGATACACAACCACG,58.99,50.0,7.54,0.0,46.41
709,TTTTGTCCAGTGATCGCTCG,61.1,50.0,7.58,1.06,0.0
464,GATTTCCCATGGCACTTCCT,60.48,50.0,7.61,0.0,36.22
667,CTCTGTAGCAGGCGTTAACA,60.18,50.0,7.65,0.0,33.12
870,GCAAATGTGTTGCAGGTGAC,61.03,50.0,7.73,0.0,45.66
805,CGTATGTATCGGCGTGAACT,60.4,50.0,7.75,0.0,0.0
580,GGGATCGGCGTTAGCTTTTA,60.61,50.0,7.75,0.0,45.23
1515,GTTGTATCGGCGTTGTACGT,61.16,50.0,7.75,0.0,46.43
1087,CCCTCAAGTTGATCCTAGCA,59.23,50.0,7.79,0.0,0.0
1222,CGTCGGACTTAAACTCCAGT,59.83,50.0,7.79,0.0,0.0
1096,CAAGGCTAATTCGGCAAAGC,60.61,50.0,7.87,0.0,0.0
960,AACGCCCTACAGCCTGTAAT,61.72,50.0,8.17,0.0,34.18
301,GATGACCAGTCAGGCGAATA,59.68,50.0,8.24,0.0,45.27
1410,TCTCTTCGTGACGAGCTTGT,61.61,50.0,8.29,8.29,39.0
173,CAAAAGGCCCAAGGGTTGTA,60.92,50.0,8.31,0.0,38.53
1202,ATATCCACAGCCTCAGGTTG,59.6,50.0,8.31,8.31,41.26
418,CCCCTATTTTAATGGGACGG,58.15,50.0,8.34,0.0,45.06
1356,GGGAAAAGGCGCTAAACAAG,60.18,50.0,8.57,0.0,0.0
1293,GGGCGCTTTGTACATGAGAA,61.11,50.0,8.57,0.0,0.0
15,ATTGGCGCTCCTGTCTTGTA,62.0,50.0,8.57,0.0,0.0
683,GGCTGGCCAAGTTGTATTGT,61.34,50.0,8.59,0.0,36.68
1032,GTACCTGGAACTTCCACGTA,59.17,50.0,8.61,12.76,45.5
1282,CCTTATAAGCCGCCTTCACA,60.26,50.0,8.68,0.0,33.93
1199,GCGAGTGCATTGATGTAGTC,59.49,50.0,8.74,8.74,43.12
101,GCTTATATTAGCCAAGGCCG,58.97,50.0,8.95,0.0,44.15
873,AGTTCCCAAAAGCGTCTTGG,61.26,50.0,8.99,8.99,43.87
948,GCCGTCATATGAAAGCGACA,61.24,50.0,9.01,0.0,0.0
893,GTTAGCGTTCTTCCAGAAGG,58.7,50.0,9.06,4.21,43.19
321,TCGTCAGCGGTTTCGTTTAG,61.09,50.0,9.07,0.0,39.72
209,GTTAGACAGGTAGCACTGGT,59.17,50.0,9.09,0.0,44.25
452,AATGACCGGTAAGAACTCCC,59.53,50.0,9.1,0.0,0.0
90,CACTGGTGTTTTCTCTGCAG,59.48,50.0,9.12,9.12,0.0
1248,CGAACTTAGAGTCCAAAGGG,58.04,50.0,9.13,0.0,0.0
1152,CCGCGACACTCTAATGAGAA,59.97,50.0,9.27,0.0,44.3
110,TTACACGAGTGGACCCAGTA,60.33,50.0,9.33,0.0,35.13
112,TACAGCTACGGGTAGGACAA,60.11,50.0,9.33,0.0,35.25
1051,GCGCGTATGTTCGGTAGAAA,61.23,50.0,9.34,0.0,39.93
1218,CCCATTCACGTCAATGCTAG,59.12,50.0,9.43,0.0,34.99
59,GCTAAAGTCGCGCAATTCTG,60.67,50.0,9.66,0.0,0.0
416,CGCGCAGTGAACCTAAGATT,61.17,50.0,9.66,0.0,44.58
818,AACCGGTAACCTGACACTGA,61.21,50.0,9.72,0.0,0.0
956,TGGATTAACGCTATCCCTCG,59.47,50.0,9.75,0.0,42.64
730,TATATATTGTGGAGCGCGGG,59.9,50.0,9.77,0.0,0.0
505,ATGGCTGGCAATTCTAACCC,60.84,50.0,9.77,0.0,0.0
1250,ACTGATAGGAAAGCGCGGAT,61.85,50.0,9.77,0.0,0.0
480,ATCGTAGGGAGCCCAAATTC,59.97,50.0,9.8,0.0,39.88
597,AAGGGCGAGAACTGGCTTAA,61.94,50.0,9.91,0.0,36.0
1180,AGCTCACGACTGTCACCTAT,60.77,50.0,9.94,0.0,0.0
1011,TCGGGGCATTTCTATCGATG,60.11,50.0,9.95,0.0,0.0
203,CATGAGTATCGATGGTCGGA,59.18,50.0,9.95,0.0,42.57
1308,CTGAGTACTGATGGCCACAA,59.82,50.0,9.97,0.0,0.0
1144,GCACTCGATGGCCACTTTAT,60.9,50.0,9.97,0.0,0.0
875,CCTTAAAATGGCCACCGTCA,61.05,50.0,9.97,0.0,0.0
1273,AATATGCCCCAAGGATCCCA,61.17,50.0,10.01,0.0,34.87
1297,TATAAGATTTCCCGCTGGGC,60.04,50.0,10.03,0.0,45.78
73,CACTCGTTTATCACCGTACG,58.87,50.0,10.1,10.1,36.16
658,GCCTTCAAGGACGCAATGAA,61.68,50.0,10.12,0.0,40.03
913,GGTGTACGCAAACAGGAAGA,60.68,50.0,10.23,0.0,0.0
476,ACCCTAATCCGGCGATAAAC,60.04,50.0,10.29,0.0,0.0
474,TTTCACTTTGGGTGGTGCAC,61.77,50.0,10.29,10.29,46.7
504,ACTCTTCCTGCCGAAATTCG,60.83,50.0,10.4,10.4,40.96
783,TTGATAGCCCTCATGCGTGA,61.78,50.0,10.41,10.41,36.97
775,TGCAACCGGACTATCTACAC,59.61,50.0,10.52,0.0,0.0
1027,AAACACTACACCGGACTGGA,61.21,50.0,10.52,0.0,43.37
1135,TTAGTACCGGAGTTCGATGG,59.04,50.0,10.52,0.0,43.46
762,TATAACCGGAAGTAGGTGCG,59.4,50.0,10.52,0.0,43.85
490,GTACCGGACACGACTAAACT,59.54,50.0,10.52,0.0,45.71
606,CGACTACATGTGTTGCGAAC,59.98,50.0,10.53,0.0,0.0
453,CGTTACAGTGCGCTTTACCT,61.1,50.0,10.64,0.0,0.0
1276,TAGTGTTCCCAAGATGCGCT,62.0,50.0,10.64,0.0,0.0
1484,CTACTGGAGAGTGCGCTTAA,59.61,50.0,10.64,0.0,34.84
344,TGGAAGAGGCGTCATCTTGT,61.64,50.0,10.66,0.0,39.32
121,AACAGACTGTACGAGCCGTT,61.9,50.0,10.82,0.0,43.14
1111,CTGTCCTGCAAGCATGTAGA,60.18,50.0,10.85,0.0,43.51
34,TCATCGTCTCCTAGGGTGAT,59.59,50.0,10.86,6.35,31.09
186,GTTGTACAAGTGATGCGCGT,61.99,50.0,10.93,0.84,0.0
1503,GTAGTGTCAGCTGCGAAGAT,60.26,50.0,10.94,0.0,0.0
384,GCTAAGCGGGCTTACATAGT,60.04,50.0,10.97,0.0,38.81
1258,TCTGACAAGACGGGTATGTC,59.25,50.0,10.97,10.97,44.05
1044,AAGTGCAGACGTAGCCTAGA,60.77,50.0,11.09,0.0,0.0
959,ACATACCCACGGGATAGGAA,60.18,50.0,11.14,0.0,39.83
1413,GGGGCACAATTATGCTGTCT,60.84,50.0,11.16,0.0,46.83
1561,CAACGTGCTCGGGCTTATTT,61.74,50.0,11.18,0.0,42.69
1480,GACTTTTGAGTCCGGGCATA,60.18,50.0,11.3,0.0,34.39
190,AACGCAGACAGATTCACGTG,61.37,50.0,11.41,11.41,40.83
1295,CCGCTTTAAGAGGACTGCTA,59.61,50.0,11.42,0.0,40.09
604,TCTCTCTACGCAAGCTGCTT,61.7,50.0,11.42,11.42,44.15
822,ACAGACTGAGGGAGCATACA,60.41,50.0,11.47,0.0,0.0
1212,TGACATAGGCCTCGAACCAT,61.14,50.0,11.51,0.0,0.0
1041,GTTCAGTCTATGCATGACGG,58.85,50.0,11.59,16.46,40.54
277,ATCTTGCTGACGTTGTGCAG,61.67,50.0,11.67,6.44,39.46
1349,GAGTTAATCATGGTCGAGCG,58.93,50.0,11.71,0.0,0.0
657,TCGACAGAGTACGCACGAAA,61.94,50.0,11.71,0.0,0.0
390,GGATCAGGGTTGCATTGCTT,61.42,50.0,11.72,0.0,0.0
25,GGCGCAGATCAAGAATTAGC,59.83,50.0,11.76,0.0,0.0
305,TCATCACCGGCGCAATTAAC,61.81,50.0,11.76,0.0,0.0
281,TTTGTGGGGCGCATTAAAGG,61.98,50.0,11.76,0.0,0.0
400,AAGACGAGGGCGCATATCAT,61.92,50.0,11.76,0.0,43.53
528,TGCCATTAATGCAACCCACC,61.71,50.0,11.8,0.0,37.24
393,AACGTCGACCTAACGAGTAC,59.62,50.0,11.93,0.0,44.22
871,GAGACGCTAAGTTCGAAAGC,59.42,50.0,11.96,11.96,0.0
276,GGACGGTCAATCACTCATGT,60.18,50.0,11.99,0.0,0.0
1353,CCAGGATATAGCCAAGCGAT,59.53,50.0,12.02,0.0,0.0
1155,TCCGGATCCTTTCCCAAATC,59.89,50.0,12.08,0.0,43.89
1054,AGACTGTCAGCGAAGGAACA,61.56,50.0,12.12,0.0,0.0
635,CGCAAGTCTGACACGGAAAA,61.59,50.0,12.12,0.0,0.0
1387,AAGGAATGGAGCATGTGCAC,61.41,50.0,12.2,12.2,46.12
255,GGTATATGGCGGCTAAGAGA,58.88,50.0,12.28,0.0,0.0
1478,TTTGAACTCGGTTCGCATCC,61.39,50.0,12.28,0.0,46.6
532,TGATGTCATCTACGAGCGCA,61.82,50.0,12.42,0.0,0.0
53,TCCTAGTCGATCGCTGAGAA,60.26,50.0,12.5,0.0,0.0
1533,TGGTGTAGACCTTTACCGTC,59.17,50.0,12.57,0.0,45.2
1309,GTCAGAACATGGTTCAGGAG,58.32,50.0,12.7,1.19,0.0
1457,ACAACTACTATGACCCGGTC,58.95,50.0,12.71,12.71,0.0
18,GCATGTCGACGAATTACACC,59.77,50.0,12.92,0.0,0.0
312,TGTGCCTATTAGGTCCGAAC,59.61,50.0,12.92,5.46,39.69
1239,CGATGACTAGTACCCTTCGA,58.46,50.0,13.07,0.0,33.34
83,TCGTAGAATCTCACGTGCTC,59.69,50.0,13.11,6.26,40.47
537,CGGCGCGATAAGAAAACTCA,61.51,50.0,13.13,0.0,0.0
22,TTACATAGGCAAGCGCGATG,61.31,50.0,13.13,10.75,41.07
103,TAATTCGGGCGCACATATCC,60.76,50.0,13.31,0.0,0.0
1097,GTCACGCGGATAAGATAAGG,58.35,50.0,13.38,0.0,0.0
104,CACGCGGTTAGTTGTAGAAC,59.35,50.0,13.38,0.0,0.0
1347,TTAACGCGGGATTAGGAAGC,60.61,50.0,13.38,0.0,0.0
728,AACGCGGAAAGTAGACAACC,61.03,50.0,13.38,0.0,0.0
1285,GAGAATCACGCGGACATGAA,60.89,50.0,13.38,0.0,34.5
500,ATTGGAGTATCACACGCGGA,61.77,50.0,13.38,0.0,37.85
1050,ATACGCGGCTAGACCAATAG,59.54,50.0,13.38,0.0,40.37
1141,CTCGATTACGCGGTCTCATA,59.55,50.0,13.38,0.0,40.37
436,TTAGAACGATGACGCGGACT,61.75,50.0,13.38,0.0,44.84
212,GCCTAACGTTGTTCGAAGTC,59.63,50.0,13.39,0.0,43.81
866,TGTATCGGCCCGAATGATAG,59.54,50.0,13.42,0.0,41.89
1235,GCAACATGTTAGGTCCTAGC,58.76,50.0,13.44,7.82,0.0
1098,GCACCTCGAGTCTGTTGTAT,59.9,50.0,13.6,0.0,0.0
1074,TGTTCAGTTGTCGGAGAACG,60.68,50.0,13.6,9.49,44.1
839,TGGGGAGGAACTGGTTCTTA,60.26,50.0,13.7,0.0,43.72
1557,AAAGGTCGGGTTGAAGCCTA,61.58,50.0,13.71,0.0,34.38
304,GTCACGGTGAGGATGTCAAA,60.4,50.0,13.71,0.0,38.84
358,ATGTGGGGATCCTAGCTCAA,60.48,50.0,13.93,0.0,0.0
544,ATAGGGATCCTAAACGCCAC,59.38,50.0,13.93,0.0,42.12
540,CGCGAGCGATGTAAGTAAAC,59.84,50.0,13.95,0.0,43.8
1526,GCGGCGATACGACATAATTG,59.98,50.0,13.97,0.0,35.21
149,CGTCATATGCGATTCACGTC,59.64,50.0,14.02,0.0,45.38
1443,TATCAAGCGGGACCGTTCTT,61.71,50.0,14.02,6.99,42.9
188,GAAGTGGCACGAATAACCTC,59.05,50.0,14.03,0.0,0.0
1083,ACTAAGGCCGAGTGATGAGA,60.48,50.0,14.03,0.0,0.0
671,ATGTGGATCGTTACGGTCGT,61.76,50.0,14.12,1.91,40.49
297,AACCGAGCTCTACCGAATTC,59.97,50.0,14.15,0.0,0.0
187,GCTGACTCGGAGACATACAT,59.4,50.0,14.19,0.0,0.0
220,TCTACCTTTGAAGCGCTGAG,60.18,50.0,14.28,8.68,0.0
1335,TCCACAACATGTACTTGGCC,60.69,50.0,14.29,0.0,0.0
285,GGGGAACTATTTCGAGTCGT,59.61,50.0,14.41,0.0,33.49
877,TAGCCCGGCAAGAATAGCAT,61.87,50.0,14.5,0.0,0.0
357,CACGATACCATGGCGTATGA,60.11,50.0,14.52,0.0,40.93
1219,CTTTAAGTCCGATCGCACAG,59.14,50.0,14.79,0.0,0.0
349,GCCAGATGACGGTACCATTA,59.68,50.0,14.85,0.0,0.0
226,ATTCGAGTCGGCTAGGGATT,60.92,50.0,14.86,0.0,0.0
1528,GGAGGTATACGCAAGGGTAT,58.8,50.0,14.94,14.94,46.39
91,GGGACCATTCGAAGTTTTGG,59.54,50.0,15.04,15.04,36.03
605,GTGCTCTTGACCTGCAGTAA,60.4,50.0,15.12,5.65,38.97
1433,AACTTCGCTAGTGTGAGACG,60.18,50.0,15.19,0.0,38.99
1107,CATGTCGACCGATAGAAGAC,58.01,50.0,15.46,0.0,39.76
1145,TGTCGACCCAAGACTGGTAA,60.92,50.0,15.46,0.0,43.52
1527,TAAGGTCGTCGAACAGGGAT,60.77,50.0,15.54,0.0,0.0
782,CGGACTGTGGACACTGTAAT,59.83,50.0,15.54,0.0,44.14
776,AAACGTTTGAGGGATCCGAC,60.76,50.0,15.73,4.02,0.0
1336,ATCGAAACAGGGTAGCCATC,59.97,50.0,15.93,6.45,0.0
456,TCGGTGGTGTCTGCAGTTTA,61.85,50.0,16.01,0.0,0.0
1007,CGATCCGTCATTGACTCACT,59.97,50.0,16.04,0.0,0.0
527,TGGGAATAACGCGTACAGGA,61.41,50.0,16.09,0.0,0.0
1287,TCGTCGGACCGTTTTCTATG,60.26,50.0,16.11,0.0,0.0
313,GAGGGATGATCCATGGTAGT,58.41,50.0,16.12,0.0,40.71
1230,GCCTGGGATTCGAACAGATT,60.55,50.0,16.14,0.0,35.78
355,ATGGCCATCGTCAGTGTGTA,61.71,50.0,16.19,0.0,0.0
140,TGGCTATAACGTAACTGCCG,60.33,50.0,16.19,0.0,44.25
1085,TGAGGTGGTTCATACGATCG,59.69,50.0,16.26,16.26,0.0
1110,TATGTCTTCTAACGCCGGTG,59.97,50.0,16.34,16.34,0.0
1073,TAGAGCCCCTTTAAAACGGC,60.47,50.0,16.57,16.57,42.76
156,GTCATATCTCCGACGGGTTT,59.68,50.0,16.6,2.58,34.76
628,GAGAAGGCTACGCGAAGAAT,60.33,50.0,16.94,0.0,0.0
327,TCGGACGCGATTAATCCTCA,61.54,50.0,16.94,0.0,0.0
1411,ATGATCCACGCGATTGTGAG,60.96,50.0,16.94,0.0,44.22
507,ACAGTGTCTAGATCACGCAG,59.62,50.0,16.99,14.43,41.52
1010,GCTTGAAATTTCCCCTCGCA,61.69,50.0,17.07,0.0,0.0
180,GAAGCATGCCGATAATTCCC,59.54,50.0,17.08,0.0,0.0
179,AAGCATGCCTCCTAATGGGT,61.75,50.0,17.08,0.0,37.08
108,TGACGTTCATGTGCGACTAG,60.54,50.0,17.16,0.0,0.0
310,CCGTCTACAGTGTCGGATAA,59.04,50.0,17.24,0.0,46.24
616,CTGTACGCACATTCGAGTGA,60.54,50.0,17.27,0.0,43.68
54,CATGAGTATCGCAGCGTGAT,60.75,50.0,17.27,5.98,40.25
646,CTTAACACCGTGCACTAGAC,58.71,50.0,17.48,0.0,0.0
447,CATGGGTACGGCGATGATTT,60.97,50.0,17.59,0.0,0.0
872,TTGCCCTAACGTATCTGGGA,60.77,50.0,17.71,3.79,43.68
268,ATCTACTCGGCCAAGTGGAA,61.07,50.0,17.73,0.68,42.18
585,TTTCGATCGGCCACAGTTAC,60.82,50.0,17.74,0.0,0.0
1182,TACCAACGCGGGTTTTACTG,61.04,50.0,17.82,6.49,43.94
1506,CTGTTCGTACGGAGCTCTAA,59.33,50.0,17.84,0.0,33.71
1134,GTCTGATCTCGTACGGATGA,58.83,50.0,17.84,13.2,0.0
999,TGCATTACTTGATGGCCAGC,61.48,50.0,17.87,17.87,0.0
1294,GGGCAGCTGTAAACTACCAA,60.4,50.0,17.94,0.0,0.0
602,TGTATTTGCGGCAACTAGGG,60.83,50.0,18.04,0.0,0.0
279,GACATAAGGTGCATGCCAGT,60.83,50.0,18.04,4.42,0.0
1292,CAACGGGTAATAGCGCTCTA,59.76,50.0,18.07,5.51,0.0
903,TCTTCATGCTGCTGCTCTGA,62.0,50.0,18.15,16.96,41.33
694,CTCGTGGTGATCATCGATAC,58.08,50.0,18.26,5.64,33.73
278,AAACCTCCTCACGTGGAACT,61.5,50.0,18.34,0.0,37.11
543,ACAGTACGTGTTCTGGAGTC,59.47,50.0,18.39,0.0,37.76
249,GTTCGCATGCTCGTCTTATG,59.84,50.0,18.42,0.0,0.0
517,ACAGATCGTCGACAGTCCAT,61.12,50.0,18.42,0.0,0.0
859,AATGGTCATTAGGCCACCAG,60.18,50.0,18.48,0.4,45.71
328,AGAGTGATATGGACGTGCAG,59.68,50.0,18.57,0.0,0.0
1174,GCCCTCGCAATATTGGTCTA,60.04,50.0,18.58,0.0,35.04
1465,GAGGGTGTCCAGTGGATTTA,59.16,50.0,18.61,4.05,34.78
708,TACAGATCAGGATGCGCAAG,60.33,50.0,18.74,6.52,36.19
208,CCCTGCAGAAGATTACGAAC,58.77,50.0,18.85,0.0,0.0
1487,CCGTTCGAGAGTACTTACGA,59.06,50.0,18.93,18.93,33.69
701,GGGAAGAACGGTTTCCTTCT,60.04,50.0,18.96,1.17,44.66
615,CTTGTCCGTAACTGAGCTCA,59.83,50.0,19.0,19.0,0.0
1042,TGACGTCTTCCTGCGTACAT,61.69,50.0,19.19,0.0,43.29
814,TCGTTGACGTCTAACTGGAC,59.83,50.0,19.19,4.85,41.58
981,ATATCCTAGGAAAGTGCCGG,59.09,50.0,19.27,0.0,0.0
727,CTCTCGTCGAGCTTTAGGAT,59.11,50.0,19.29,0.0,33.76
1517,CACGCATATACCATGGGAAG,58.61,50.0,19.43,4.85,37.22
142,ATTCCCGAACCTAGGAGCTA,59.89,50.0,19.44,0.0,34.37
1368,ATTGGACCTAGGACGACATC,59.02,50.0,19.44,2.03,0.0
518,TATGGCTCATTGAGAACGGG,59.97,50.0,19.52,0.0,0.0
608,CTGATATGTCTCGCACGTGT,60.33,50.0,19.66,0.0,0.0
348,GAGAATCTCAGCACGTGTAG,58.22,50.0,19.66,13.81,0.0
664,AGATTCAACCGCTGGGGATA,61.15,50.0,19.79,0.38,41.0
1446,GTTTGTTTAGGGCCTGACTC,58.89,50.0,19.98,6.09,0.0
738,ATAAGCTAGCACGTCCCTAC,59.1,50.0,20.15,0.0,0.0
275,TACCGTACGATAGGCTCTCT,59.38,50.0,20.16,0.0,43.77
803,TACTGTTCGGCTCGAGAAAG,59.9,50.0,20.18,7.64,39.0
1427,TAAAGCACGTGGAGGGACTT,61.57,50.0,20.19,9.66,43.72
665,CCGCAGAATGGTCGACATAA,60.61,50.0,20.2,3.72,41.48
914,TAGCGCTTCCACCCCTAAAA,61.65,50.0,20.33,0.0,0.0
1351,AGAGCGATACGGAATTCGGA,61.26,50.0,20.34,4.22,45.37
987,CGTTTGGCAGGCTAACAGAA,61.32,50.0,20.47,0.0,0.0
160,AGCACTAGTCGACACGATTG,60.26,50.0,20.8,9.71,40.27
521,TTAGGGCTGCCTGGTGAAAT,61.97,50.0,20.97,0.0,0.0
1093,GTAATACACGCACGCGAGAA,61.22,50.0,20.97,3.97,43.8
1299,GTTTACTGGAGGAGTCCTGA,58.5,50.0,20.98,3.34,45.95
161,CCTTCAGCGTGTACATGAGA,59.9,50.0,21.05,14.06,0.0
1178,TGTGAGGCCCCACTAATTCA,61.3,50.0,21.29,2.61,39.21
902,CCGGCGGTTAAACCACATAA,61.11,50.0,21.39,0.0,40.68
1216,TGAACGGTGACTGAAGCTTC,60.68,50.0,21.6,21.6,0.0
1483,CTAATTTTGGTCAGCTGCCC,59.61,50.0,21.71,17.13,0.0
58,GCTGGAGACATGATGTTCCT,59.89,50.0,21.77,9.41,42.83
1225,AGAACCCGGTTAGTTCAAGC,60.4,50.0,21.85,1.22,46.75
1213,GCTTGTCTTTCGCAGCTGAA,61.94,50.0,21.89,1.45,0.0
1052,TGACTGAGTCAGCGAACACT,61.55,50.0,22.0,0.0,40.09
939,GACGACGTCTCGCAAAATCA,61.43,50.0,22.16,0.0,46.07
1275,TGATATGCGGTTCCGGATCT,61.28,50.0,22.23,13.98,42.37
1350,AGGACGTTAATGCTGGCAGA,62.0,50.0,22.27,5.13,0.0
214,AACTCAGTCAGTAGGCTACC,58.58,50.0,22.29,7.93,34.76
433,TCCGAGTATCCTGTCGACAT,60.26,50.0,22.29,9.05,40.19
1206,CGTTGATAGGGTTACGCGTT,60.89,50.0,22.39,1.5,0.0
1459,GGGAAGTTTGGCCAACGTAA,61.26,50.0,22.41,1.19,42.39
609,ATCCCAAACTCGTGTAGGGT,61.0,50.0,22.6,12.39,42.17
1060,GGCTTCTAATCGCGAGTGAA,60.61,50.0,22.6,19.96,0.0
423,TATCTTGATGCGTCGAGGAG,59.47,50.0,22.7,9.23,38.44
71,TTTATCATGGTGGCGGCCTA,61.8,50.0,22.72,8.48,0.0
1501,ACCCTTGCACGTAGCTACTA,60.77,50.0,22.74,4.58,46.9
897,ACCGGGTATACCTAAGCTAC,58.14,50.0,22.85,3.82,38.08
895,TAGTCTGAGGGATGGCCATA,59.59,50.0,22.89,2.75,36.27
1491,GAGCAGAGCATGTTCGCATT,61.81,50.0,22.92,9.86,37.15
1415,CATATAGGCAGCGTCGCTAA,60.18,50.0,23.16,8.12,38.88
124,AATCCAGAAGCATGCACACC,61.41,50.0,23.3,6.85,0.0
1325,AGATAAGATTGGATCCGCGG,59.82,50.0,23.64,23.64,0.0
1334,GGCACGTGAGCAATAGTGTT,61.39,50.0,23.65,0.0,38.26
962,GATAGAAACTCTGGCTGCCA,59.89,50.0,23.72,23.72,0.0
1048,AACCAATGGCCACTTGAACC,61.57,50.0,23.9,0.0,0.0
401,CGTGACTGTGCACATTAGCA,61.38,50.0,23.92,14.85,44.28
545,TCAGGACAGTCCACACATAC,59.17,50.0,23.97,0.0,41.65
1067,TCCGAATACCAAGTTGGCCT,61.66,50.0,23.97,8.25,44.85
700,AGCCCGTACGCGTAAATATG,60.75,50.0,24.34,8.19,37.08
618,TGATTCTAAGATAGCCGGCG,59.83,50.0,24.6,6.13,0.0
610,TGTCCTGCAGATCTGTCATC,59.61,50.0,24.95,9.49,0.0
1089,TTTGCCTGGCCATTGCTATG,61.78,50.0,24.97,2.37,38.68
102,CTCTTAGAAACCGGTTGAGG,58.04,50.0,25.05,12.12,37.3
204,AGCCAGTGACCTTGGTCATA,61.0,50.0,25.07,2.86,39.46
430,TTAGAGGCATGGCTACACGT,61.42,50.0,25.26,8.92,0.0
690,TCTTCGAAGTTTACTCGCGC,61.16,50.0,25.43,0.0,0.0
198,TCCAGGATATCCACGCTCTT,60.55,50.0,25.43,0.0,39.91
990,GTACGCAAGCAGATCTGGAA,60.54,50.0,25.49,0.0,45.62
148,CACAGAGTCTGTTGTAGGGT,59.09,50.0,25.53,0.0,45.51
1227,GACGGTTAACCAGAAGAAGC,58.98,50.0,25.71,2.18,36.23
834,GTTCCCGAAAGACTTTCACG,59.56,50.0,25.76,15.6,41.21
1192,ACAACTCAGTTACGCGTGTC,61.02,50.0,25.99,15.96,0.0
323,TCGTGTCGTTATCCGGATAC,59.48,50.0,26.14,17.61,38.06
741,CCTATGACAACGCGTTTGAG,59.7,50.0,26.17,16.12,40.3
309,CGTTTACCGTCGGTATTGAG,58.86,50.0,26.34,14.37,40.39
754,AGACAGTGTCTATCTCACCG,58.67,50.0,26.57,0.0,43.99
1320,GATTAAGGAAGTTGGGCCCA,60.11,50.0,26.64,26.64,0.0
823,GTATTGGCCAAGTGCTCACA,61.05,50.0,26.68,0.0,41.88
1531,ATGCAGAGAACCAAGTTGGG,60.69,50.0,27.18,9.68,45.4
1119,CCGGCCGTTTTAGTGTCAAA,61.6,50.0,27.45,0.0,0.0
330,AGTATAGTTGCGCAAGGAGG,59.97,50.0,27.76,0.0,41.96
1382,CCCCGGGAGTTAGCTTAATA,58.71,50.0,27.87,0.0,0.0
206,TACAGACCACGTGTTGCTGA,61.84,50.0,27.9,15.07,0.0
830,TATGGAACGGTAGCTATCGC,59.54,50.0,28.0,12.95,33.85
350,TAAGTACGGCGCCTGACTAT,60.91,50.0,28.01,19.37,0.0
1116,GCATCAACTAGGTACCGAGA,59.03,50.0,28.71,14.0,0.0
554,GGCATGCCCACTTGAAATGT,61.99,50.0,29.1,0.0,0.0
80,CGTATAGCGTTAACGGGTCA,60.04,50.0,29.35,6.47,41.09
1317,GGCATATGCAAACAGACCAC,59.97,50.0,29.63,5.6,45.33
1492,GCGGCCGTTTATAAGAGTGA,60.61,50.0,30.02,0.0,0.0
1378,TCGTGGAGATGTACATCCGT,60.84,50.0,30.12,16.14,40.17
787,TTCACCTTAAGGAGCGACCA,61.28,50.0,30.23,2.7,42.97
1439,GTATTCTTTACGCCGGCACA,61.17,50.0,30.3,12.12,0.0
1576,TACTTCGCGGAGTTGAGATC,59.69,50.0,30.31,0.0,0.0
402,CTTGTCTCACGTGGACATTC,58.99,50.0,30.56,13.02,44.05
763,TTCGAGGTACGCCAATTGGA,61.99,50.0,30.76,6.22,43.07
193,CGGAAACATGCCAATTGGAC,60.54,50.0,30.76,20.44,38.53
78,TTATGAATAACGCCCGGGAG,60.04,50.0,30.85,28.27,0.0
919,GATGGTAATGGTGCTGCACT,60.83,50.0,31.04,16.37,35.93
595,ACGTCGGCATGCATGATTAG,61.31,50.0,32.35,18.97,0.0
12,CGGTACCGAAATGCACGTAT,60.96,50.0,32.53,0.0,43.8
1395,CGAATGTCCGGACCTTGTTA,60.18,50.0,32.85,14.38,0.0
1429,CTTACTTGGGCCTAGGCTAT,58.71,50.0,33.81,17.31,42.4
1205,TAGACTACTCTCAGGCCTGA,58.85,50.0,35.09,35.09,38.81
248,ACTGCCATGGCTATATCAGG,59.45,50.0,37.12,18.5,43.34
27,TTAACGGCCGAGATTGCTTC,61.18,50.0,37.33,0.0,0.0
636,CAACGCATCCTTGGATGTGA,61.11,50.0,37.42,0.86,45.34
1509,CTAACGGTACCGGCTTACTA,58.75,50.0,37.43,17.89,45.56
125,CCTCAAAGGCGTACGCTAAT,60.61,50.0,37.79,23.06,42.4
1355,ACTGAAGGGCCTTCTTTGGA,61.52,50.0,39.98,23.94,42.62
1440,AGACGAATACTGGCCAGAAG,59.61,50.0,40.93,25.37,0.0
512,GAAACAGCGCTGAAAGTCTG,60.18,50.0,43.7,17.74,42.06
